id,artist
1,"10,000 Maniacs"
2,10Cc
3,112
4,14 Bis
5,2 Pac
6,3 Doors Down
7,30 Seconds To Mars
8,365
9,3Lw
10,4 Non Blondes
11,5 A Seco part. Maria Gadu
12,5 Seconds Of Summer
13,50 Cent
14,5Th Dimension (The)
15,98 Degrees
16,A Banda Mais Bonita Da Cidade
17,A Cor Do Som
18,A Molecada
19,A Teens
20,A Turma Da Monica
21,A Turma Do Balão Magico
22,A vigilia
23,A Zorra
24,A-Ha
25,Aaron Neville and Linda Ronstadt (duo)
26,Abba
27,Abertura De Ano Novo
28,Abilio Farias
29,Absyntho
30,Ac/Dc
31,Acacio
32,Academia Da Fama
33,Ace Of Base
34,Acustico D3
35,Adair Cardoso
36,Adalberto E Adriano
37,Adam Lambert
38,Adele
39,Adelino Nascimento
40,Adelmario Coelho
41,Adhemar De Campos (Comunidade Da Graça)
42,Adilson Ramos
43,Adoniran Barbosa
44,Adoração E Adoradores
45,Adrian Gurvitz
46,Adriana
47,Adriana Calcanhotto
48,Adriana Marques
49,Adriano Celentano
50,Adryana E A Rapaziada
51,Adryana Ribeiro
52,Adson E Alana
53,Aerosmith
54,Afrodisiaco
55,Afrodite Se Quiser
56,Agepê
57,Aggeu Marques
58,Agnaldo Rayol
59,Agnaldo Timóteo
60,Agnela
61,Agostinho Dos Santos
62,Agroplay E Ana Castela
63,AgroPlay part. Ana Castela
64,Air Supply
65,Akon
66,Akundum
67,Al Green
68,Al Jarreau
69,Al Jolson
70,Al Martino
71,Al Stewart
72,Alabama
73,Alan E Aladin
74,Alan Jackson
75,Alan Jackson ft. George Strait
76,Alan Jackson ft. Jimmy Buffett
77,Alan Parson'S Project (The)
78,Alan Walker
79,Alanis Morissette
80,Alannah Myles
81,Alavonti
82,Albert Hammond
83,Alceu Valença
84,Alcione
85,Alcione and Trio Nordestino
86,Alda Celia
87,Aldair Playboy
88,Alejandro Fernandez
89,Alejandro Sanz
90,Aleks Syntek ft. Ana Torroja
91,Alem do Veu
92,Alemão Do Forró
93,Alessi Brothers
94,Alesso ft. Katy Perry
95,Alex E Ronaldo
96,Alex Ubago ft. Amalia Montero
97,Alexandra Burke
98,Alexandra Stan
99,Alexandre Bernardino
100,Alexandre Pires
101,Alexandre Pires part. Fat Family
102,Alexandre Pires part. Gusttavo Lima
103,Alexandre Pires part. Jorge
104,Alexandre Pires part. Seu Jorge
105,Aliados
106,Alice Cooper
107,Alice In Chains
108,Alicia Bridges
109,Alien Ant Farm
110,Aline Barros
111,Aline Calixto
112,Alinne Rosa
113,Alison Krauss
114,Alisson E Ryan
115,Alkmia
116,All Saints
117,All Time Low
118,All-4-One
119,"All-American Rejects, The"
120,Allan Rezende
121,Allen Stone
122,Alma Serrana
123,Almir Guineto
124,Almir Rogerio
125,Almir Sater
126,Alok ft. Bruno Martini
127,Alok ft. Iro
128,Alok ft. Mathieu Koss
129,Alok ft. Sigala ft. Ellie Golding
130,Alok part. Matheus E Kauan
131,Alok part. Mc Don Juan
132,Alphaville
133,Altay Veloso
134,Altemar Dutra
135,Altemar Dutra part. Martha Mendonça
136,Alugiana
137,Alvaro Tito
138,Alvin And The Chipmunks
139,Amado Batista
140,Amado Batista part. Elias Wagner
141,Amado Batista part. Reginaldo Sodre
142,Amalia Rodrigues
143,Amanda E Ricardo
144,Amanda Ferrari
145,Amanda Magalhaes part. Seu Jorge
146,Amanda Wanessa
147,Amelinha
148,America
149,American Hi-Fi
150,Amii Stewart
151,Amy Grant
152,Amy Lee
153,Amy Winehouse
154,Ana Canãs
155,Ana Carolina
156,Ana Carolina part. Chiara Civello
157,Ana Carolina part. John Legend
158,Ana Carolina part. Maria Gadu
159,Ana Carolina part. Seu Jorge
160,Ana Castela part. Melody e DJ Chris
161,Ana Castela part. Pedro Sampaio
162,Ana e Um
163,Ana Gabriela (Melim)
164,Ana Nóbrega
165,Ana Paula Valadão
166,Ana Vilela
167,Ana Vilela part. Luan Santana
168,Ananda E Joker Beats
169,Anastacia
170,AnaVitória
171,Anderson Freire
172,Anderson Rodrigues part. Nattan
173,Andra Day
174,Andre E Adriano
175,Andre E Felipe
176,Andre Leono
177,Andre Valadão
178,Andrea Bocelli
179,Andrea Fontes
180,Andru Donalds
181,Andy Gibb
182,Andy Kim
183,Andy Williams
184,Angela Bofill
185,Angela Maria
186,Angela Maria part. Emilio Santiago
187,Angela Ro Ro
188,Angela Ro Ro part. Paulinho Moska
189,Angelica
190,Angelo Maximo
191,Angra
192,Animals (The)
193,Anisio Silva
194,Anita Baker
195,Anita Ward
196,Anitta
197,Anitta part. Alesso
198,Anitta part. Balvin
199,Anitta part. Duduzinho
200,Anitta part. Jhama
201,Anitta part. Kevinho
202,Anitta part. Major Lazer e Pabllo Vittar
203,Anitta part. Maluma
204,Anitta part. MC Danny e Hitmaker
205,Anitta part. MC Lane Major Lazer
206,Anitta part. Melim
207,Anitta part. Pabllo Vittar e Major Lazer
208,Anitta part. Pedro Sampaio
209,Anitta part. Projota
210,Anitta part. Psirico
211,Anitta part. Vitin
212,Anjos De Resgate
213,Anna Kendrick
214,Anne Dua
215,Anne Murray
216,Annie Lennox
217,Annie Lennox-Al Green
218,Anos 60
219,Antonia Gomes
220,Antonio Carlos part. Jocafi
221,Antonio Carlos part. Renato
222,Antonio Fagundes
223,Antonio Marcos
224,Antonio Marcos part. Vanusa
225,Antony E Gabriel
226,Antony part. Gabriel part. Pedro Paulo part. Alex
227,Ao Cubo
228,Apache Indian
229,Aphrodite'S Child
230,Apocalipse 16
231,Aqua
232,Aquilo
233,Ara Ketu
234,Arches
235,Arctic Monkeys
236,Aretha Franklin
237,Aretha Franklin ft. Mich„l Mc Donald
238,Ariana Grande
239,Ariana Grande And Weeknd (The)
240,Arianne
241,Arlindo Cruz
242,Arlindo Farias
243,Arlindo Neto
244,Armandinho
245,Armandinho part. Fabao
246,Armando Filho
247,Armando Manzanero
248,Armando Valsani
249,Arnaldo Antunes
250,Arriba A Saia
251,Art Company The
252,Art Garfunkel
253,Art Popular
254,Arthur Dani
255,Arthur Diniz
256,Ary Barroso
257,As Aventuras De Poliana
258,As Freneticas
259,As Marcianas
260,As Meninas
261,As Poderosas
262,Asa De Aguia
263,Asa De Aguia part. Magary Lord
264,Asaph Borba
265,Ashanti
266,Ashlee Simpson
267,Ashley Tisdale
268,Asia
269,Association
270,Ataide E Alexandre
271,Ataulfo Alves
272,Ataulpho Jr.
273,Atc
274,Atitude 4
275,Atitude 67
276,Atitude 67 part. Thiaguinho
277,Atlantic Starr
278,Audioslave
279,Augusto Cesar
280,Aulii Cravalho
281,Aurelina Dourado
282,Austin Mahone
283,Auto-Sustentavel
284,Ava Max
285,Avantasia
286,Avenged Sevenfold
287,Avicii
288,Avicii ft. Aloe Blacc
289,Avicii ft. Martin Garrix
290,Avicii ft. Nicky Romero
291,Avicii ft. Salem Al Fakir
292,Avine Vinny
293,Avioes Do Forró
294,Avril Lavigne
295,Axe Blond
296,Azimuth
297,B ft. 52'S (The)
298,B.J.Thomas
299,Babado Novo
300,Baby Consuelo
301,Babyface ft. Stevie Wonder
302,Baccara
303,Bachelors
304,Bachman Turner Overdrive
305,Backstreet Boys
306,Baco Exu do Blues
307,Bad Company
308,Bad Finger
309,Baiano E Os Novos Caetanos
310,"Bala, Bombom E Chocolate"
311,Balthazar
312,Baltimora
313,Bananarama
314,Band Perry
315,Banda Amores
316,Banda Anos 60
317,Banda Bach
318,Banda Beijo
319,Banda Betel
320,Banda Black Rio
321,Banda Brasil
322,Banda Brylho
323,Banda Calypso
324,Banda Calypso part. Bruno part. Marrone
325,Banda Cheiro De Amor
326,Banda Colorado
327,Banda Djavu
328,Banda Do Mar
329,Banda Eva
330,Banda G10
331,Banda Kaçamba
332,Banda Magnificos
333,Banda Malta
334,Banda Mel
335,Banda Passarela
336,Banda Rara
337,Banda Real Do Parana
338,Banda Reflexus
339,Banda San Marino
340,Banda Sedutora
341,Banda Shalom
342,Banda Sinfonica De São Paulo
343,Banda Tarraxinha
344,Banda Uó
345,Banda Uó part. Mr. Catra
346,Banda Vingadora
347,Banda Voa Dois
348,Bangles
349,Barbara Dias
350,Barbra Streisand
351,Barbra Streisand ft. Vince Gill
352,Barclay James Harvest
353,Baroes da Pisadinha
354,Baroes da Pisadinha part. Maiara e Maraisa
355,Baroes Da Pisadinha part. Wesley Safadão
356,Baroes Da Pisadinha part. Xand Avião
357,Barros De Alencar
358,Barry Manilow
359,Barry White
360,Barto Galeno
361,Barão Vermelho
362,Bastille
363,Batifun
364,Bay City Rollers
365,Beach Boys (The)
366,Beastie Boys
367,Beatles (The)
368,Beatriz De Andrade
369,Bebe Rexha ft. Florida Georgia Line
370,Bebel Gilberto
371,Bebeto
372,Becky G
373,"Bee Gees, The"
374,Belchior
375,Belinda Carlisle
376,Bell Marques
377,Belmonte E Amarai
378,Belo
379,Ben E. King
380,Ben ft. King
381,Ben Harper
382,Beniamino Gigli
383,Benito Di Paula
384,Ben¥S Brother
385,Berlin
386,Bertie Higgins
387,Beth Carvalho
388,Beth Lamas
389,Betinho
390,Beto Barbosa
391,Beto Guedes
392,Beto Guilherme
393,Bette Midler
394,Betty Wright
395,Beyonce
396,Beyonce ft. Jay Z
397,Beyonce ft. Shakira
398,Beyonce ft. Slim Thug
399,Bezerra Da Silva
400,Bianca
401,Bicho De Pe
402,Biel
403,Biel part. Tays Reis
404,Bill Halley ft. The Comets
405,Bill Medley ft. Jennifer Warnes
406,Billie Eilish
407,Billie Holiday
408,Billy Dean
409,Billy Eckstine
410,Billy Idol
411,Billy Joel
412,Billy Ocean
413,Billy Paul
414,Billy Preston
415,Billy Ray Cyrus
416,Billy Squier
417,Billy Swan
418,Bin
419,Bing Crosby
420,Biquini Cavadão
421,Biquini Cavadão-Renato Russo
422,Biro Do Cavaco
423,Bispo Marcelo Crivella
424,Biu Do Piseiro
425,Bj Thomas
426,Black Eyed Peas
427,Black Sabbath
428,Blackpink
429,Blake Shelton
430,Blake Shelton ft. Gwen Stefani
431,Blind Melon
432,Blink182
433,Bliss
434,Blitz
435,Blondie
436,"Bloodhound Gang, The"
437,"Blues Brothers, The"
438,Blur
439,Bo Diddley
440,Bob Dylan
441,Bob Marley
442,Bob Seger
443,Bob Zoom
444,Bobby Darin
445,Bobby Di Carlo
446,Bobby Goldsboro
447,Bobby Hebb
448,Bobby Lewis
449,Bobby Rydell
450,Bobby Solo
451,Bobby Vinton
452,Boca Livre
453,Boi Bumba Caprichoso
454,Boi Bumba Garantido
455,Boka Loka
456,Bolshoi (The)
457,Bom gosto
458,Bon Jovi
459,Bonde Das Maravilhas
460,Bonde Do Brasil
461,Bonde Do Forró
462,Bonde Do Maluco
463,Bonde Do Tigrão
464,Bonde Dos Catchorros
465,Bonde Sertanejo
466,Boney M
467,Bonnie Tyler
468,Bossa Nova
469,Boston
470,Bowling For Soup
471,Boy George
472,Boyce Avenue
473,Boys Like Girls
474,Boyz II Men
475,Boyzinho
476,Boyzone
477,Boz Scaggs
478,Bozo
479,Braga Boys
480,Brainstorm
481,Brancoala
482,Brantley Gilbert
483,Brazilian Genghis Khan
484,Bread
485,Breakdown
486,Breaking Benjamin
487,"Breeders, The"
488,Brenda Russell
489,Breno E Caio Cesar
490,Breno E Caio Cesar part. Matheus E Kauan
491,Brian Mcfadden
492,Brian Mcknight
493,Brilho De Neon
494,Brisa Star part. Thiago Jhonathan
495,Brisa Star part. Ze Vaqueiro
496,Britney Spears
497,Bro'Z
498,Bronski Beat
499,"Brooks, Garth"
500,Brother Simion
501,"Brothers Four, The"
502,Bruce Dickinson
503,Bruce Hornsby
504,Bruce Hornsby ft. The Range
505,Bruce Springsteen
506,Bruna Caram
507,Bruna Karla
508,Bruna Viola
509,Bruna Viola part. Bruno E Barreto
510,Bruninho E Davi
511,Bruno Brunne part. Pablo
512,Bruno E Barretto
513,Bruno e Barretto part. Conrado E Aleksandro
514,Bruno E Barretto part. Marco Filho Brasil
515,Bruno E Marrone
516,Bruno e Marrone part. Ana Paula
517,Bruno E Marrone part. Banda Calypso
518,Bruno E Marrone part. Jorge E Mateus
519,Bruno E Marrone part. Wesley Safadão
520,Bruno Mars
521,Bruno Mars ft. Anderson Paak
522,Bryan Adams ft. Rod Stewart
523,Bryan Ferry
524,Buchecha
525,Buddy Holly
526,Buggles (The)
527,Bullet For My Valentine
528,Bush
529,Byafra
530,C.C.R.
531,Cachorro Grande
532,Cacio E Marcos
533,Caetano Veloso
534,Caio Cesar E Diego
535,Cake
536,Calcinha Preta
537,Calling (The)
538,Calum Scott
539,Calvin Harris
540,Camila Cabello
541,Camila Loures
542,Camisa De Venus
543,Cangaia De Jegue
544,Cansei De Ser Sexy
545,Capim Cubano
546,Capital Cities
547,Capital Inicial
548,Capital Inicial part. Kiko Zambianchi
549,Capital Inicial part. Seu Jorge
550,Capital Inicial part. Zelia Duncan
551,Captain ft. Tennille
552,Carl Douglas
553,Carl Perkins
554,Carlinhos Brown
555,Carlos Alexandre
556,Carlos Andre
557,Carlos Cezar E Cristiano
558,Carlos Dafe
559,Carlos E Christian part. Melody
560,Carlos E Jader
561,Carlos Gardel
562,Carlos Gonzaga
563,Carlos Jose
564,Carlos Lyra
565,Carlos Oliva E Los Sobrinos
566,Carlos Santana
567,Carlos Santos
568,Carly Rae Jepsen
569,Carly Simon
570,Carmelo Pagano
571,Carmen Miranda
572,Carmen Silva
573,Carnaval
574,Caro Emerald
575,Carol E Vitória
576,Carol Song
577,Carole King
578,"Carpenters, The"
579,Carrapicho
580,Carreiro E Capataz
581,Carrie Underwood
582,Carrossel
583,Cars (The)
584,Cartel
585,Cartola
586,Casa De Davi (Davi Silva E Mike Shea)
587,Cascada
588,Cascades (The)
589,Cascatinha E Inhana
590,Cassia Eller
591,Cassia Eller E Nando Reis
592,Cassia Eller-Nando Reis
593,Cassiane
594,Cassiano
595,Castelo Ra-Tim-Bum
596,Casuarina
597,Cat Stevens
598,Catedral
599,Cats
600,Cauby Peixoto
601,Cavaleiros Do Forró
602,Cavalo De Pau
603,Caviar Com Rapadura
604,Cazuza
605,Ce Ce Peniston
606,Ceceu Muniz
607,Cecilia Krull
608,Cee Lo Green
609,Celia
610,Celine Dion
611,Celly Campello
612,Celso Blues Boy
613,Celso Ricardi
614,Central 3
615,Century
616,Cesar Menotti E Fabiano
617,Cesar Sampaio
618,Ceu
619,Ceu E Diogo Poças
620,Cezar E Alessandro part. Naiara Azevedo
621,Cezar E Paulinho
622,Chad Kroeger ft. Josey Scott
623,Chainsmokers ft. Daya
624,Chainsmokers ft. Halsey
625,Chaka Kahn
626,Charlene
627,Charles Aznavour
628,Charles-Eddie
629,Charley Pride
630,Charli Xcx
631,Charlie Brown Jr.
632,Charlie Brown Jr. part. Negra Li
633,Charlie Puth
634,Charlie Puth ft. Meghan Trainor
635,Charo
636,Chaves
637,Chay Suede
638,Chayene
639,Chefin
640,"Chefin, Racovi, Bren"
641,Cheiro De Amor part. Pablo
642,Chelsia Chan
643,Cher
644,Cheryl Lynn
645,Chi-Lites (The)
646,Chic
647,Chicabana
648,Chicago
649,Chicas
650,Chiclete Com Banana
651,Chico Buarque
652,Chico Buarque part. Nara Leão
653,Chico Cesar
654,Chico Rei E Parana
655,Chico Science part. Nacão Zumbi
656,Chicory Tip
657,Chimarruts
658,Chiquititas
659,Chitãozinho E Xororó
660,Chitãozinho E Xororó part. Fafa De Belem
661,Chris Brown
662,Chris De Burgh
663,Chris Duran
664,Chris Isaak
665,Chris Montez
666,Chris Rea
667,Chris Thompson
668,Christian Castro
669,Christian E Cristiano
670,Christie
671,Christina Aguilera
672,Christina Aguilera ft. A Great Big World
673,Christina Aguilera ft. Lil' Kim ft. Maya ft. Pink
674,Christina Perri
675,Christophe
676,Christopher Cross
677,Chrystian
678,Chrystian E Ralf
679,Chubby Checker
680,Chuck Berry
681,Chumbawamba
682,Cia Do Kuarto
683,Ciclone
684,Cidade Negra
685,Cidia ft. Dan
686,Cidinho E Doca
687,Cido Dos Teclados
688,Ciel Rodrigues
689,Cine
690,Cine part. Sevenlox
691,Circulado de Fulo
692,Ciro Monteiro
693,Clamor Pelas Naçoes (Ricardo Robortella)
694,Clara Becker
695,Clara Nunes
696,Clara Valverde part. Josefe
697,Clarice Falcão
698,Clarissa
699,Clash (The)
700,"Classics Iv, The"
701,Claudia Barroso
702,Claudia Leitte
703,Claudia Leitte part. Belo
704,Claudia Leitte part. Mc Zaac
705,Claudia Leitte part. Travis Mccoy
706,Claudia Leitte part. Wesley Safadão
707,Claudia Telles
708,Claudinho e Buchecha
709,Claudio Fontana
710,Claudio Zoli
711,Claus E Vanessa
712,Clayton E Camargo
713,Clayton E Romario
714,Clayton E Romario part. Luan Santana
715,Clean Bandit
716,Cleber E Cauan
717,Cleiton E Camargo
718,Cliff Richard
719,Climie Fisher
720,Clint Black
721,Clovers (The)
722,Club Nouveau
723,Cnco
724,Coasters (The)
725,Cocoricó
726,Cogumelo Plutão
727,Colbie Caillat
728,Coldplay
729,Cole Porter
730,Colin Hay Band
731,Collin Raye
732,"Commodores, The"
733,"Communards, The"
734,Companhia Do Calypso
735,Companhia Do Pagode
736,Comunidade Da Zona Sul
737,Comunidade De Nilópolis
738,Comunidade Evangelica Vila Da Penha
739,Conde Do Forró
740,Connie Francis
741,Conrado E Aleksandro part. Bruno E Barretto
742,Consuelo Velasquez
743,Conway Twitty
744,Coolio ft. L.V.
745,Copacabana Beat
746,Coral Kemuel
747,Coral Som Livre
748,Coral Vencedores Por Cristo
749,Corinne Bailey Rae
750,Corona
751,Corrs (The)
752,Counting Crows
753,"Cover Girls, The"
754,Cpm 22
755,Cranberries (The)
756,Crash Test Dummies
757,Cravo E Canela
758,Creed
759,Creedence Clearwater Revival
760,Crests (The)
761,Cristiano Araujo
762,Cristiano Araujo part. Hugo Henrique
763,Cristina Mel
764,Cristina Monteiro
765,Crowded House
766,Crystal Gayle
767,Cult (The)
768,Culture Club
769,Cure (The)
770,Cutting Crew
771,Cw7
772,"Cyberchase, A Corrida Do Espaço"
773,Cyndi Lauper
774,Cynthia Hinds
775,Cynthia Rhodes
776,Cyz
777,CÌdia ft. Dan
778,D'Black
779,D'Black part. Negra Li
780,Dado Dolabella
781,Daft Punk ft. Pharrell Williams
782,Dallas Company
783,Dalto
784,Dalton
785,Dalva De Oliveira
786,Dalva Nascimento
787,Dalvan
788,Damares
789,Damien Rice
790,Dan Fogelberg
791,Dan Hartman
792,Dan Ventura
793,Dani Russo
794,Daniel
795,Daniel Caesar ft. H.E.R.
796,Daniel part. Samuel
797,Daniel Powter
798,Daniel Samuel
799,Daniel Souza
800,Daniela Araujo
801,Daniela Mercury
802,Danielle Cristina
803,Danilo Caymmi
804,Danni Carlos
805,Danny Wilson
806,Danyel Gerard
807,Darkness (The)
808,Daryl Hall
809,Dave
810,Dave Clark Five
811,Dave Matthews Band
812,Davi Sacer
813,David Bowie
814,David Castle
815,David Gates
816,David Guetta
817,David Guetta ft. Kelly Rowland
818,David Lee Roth
819,David M. Quinlan
820,David Pomeranz
821,Day E Lara part. Maiara E Maraisa
822,Dayne Taylor
823,De Maria
824,Dean Martin
825,Deavele Santos
826,Debbie Boone
827,Debbie Gibson
828,Debbie Reynolds
829,Debby Boone
830,Deborah Blando
831,Deep Blue Something
832,Deep Purple
833,Def Leppard
834,Deftones
835,Degradee
836,Deigma Marques
837,Delino Marçal
838,Delta Goodrem
839,Demetrius
840,Demi Lovato
841,Demis Roussos
842,Demonios Da Garoa
843,Deni E Dino
844,Deniece Williams
845,Denis E Paulão
846,Dennis Dj part. Baroes Da Pisadinha
847,Dennis DJ part. Bruno Martini E Vitin
848,Dennis Dj part. Felipe Ara˙jo
849,Dennis Dj part. Gusttavo Lima
850,Dennis DJ part. Kevinho
851,Dennis Dj part. Luan Santana
852,Dennis Dj part. Maiara E Maraisa
853,Depeche Mode
854,Derek ft. The Dominos
855,Des'Ree
856,Desce Pro Play
857,Desenho
858,Desenho - Cavaleiros do Zodíaco
859,Desenho - Galinha Pintadinha
860,Desenho - Inuyasha
861,Desenho - Pokémon
862,Destiny's Child
863,Detonautas
864,Devinho Novaes
865,Devo
866,Dexys Midnight Runners
867,Dhi Ribeiro
868,Di Paullo E Paulino
869,Di Proposito
870,Diana King
871,Diana Krall
872,Diana Pequeno
873,Diana Ross
874,Diante Do Trono
875,Diante Do Trono (Crianças)
876,Dick Farney
877,Dick Farney part. Claudete Soares
878,Dicró
879,Dido
880,Diego E Arnaldo
881,Diego E Diogo
882,Diego E Victor Hugo
883,Diego E Victor Hugo part. Bruno E Marrone
884,Diego E Victor Hugo part. Maiara E Maraisa
885,Diego Santana
886,Diego Souza part. João Gomes
887,Dilsinho
888,Dimas E Seus Teclados
889,Dinah Washington
890,Dino E Deny
891,Dino Franco E Mourai
892,Dio
893,Diogo Nogueira
894,Diogo Nogueira part. Zeca Pagodinho
895,Dionne Warwick
896,Dionne Warwick-Bee Gees
897,Dire Straits
898,Dirty Dancing
899,Disney - A Bela Adormecida
900,Disney - A Bela e a Fera
901,Disney - A Bela E A Fera - Miriam Peracchi
902,Disney - A Pequena Sereia
903,Disney - Aladdin
904,Disney - As Visões de Raven
905,Disney - Cinderela
906,Disney - Encanto
907,Disney - Enrolados - Sylvia Salustti pt. Raphael Rossato
908,Disney - Frozen
909,Disney - Frozen - G.Guimarães-H pt. Zeitoune-G.Porto
910,Disney - Frozen - Gabi Porto -pt. Olavo Cavalheiro
911,Disney - Frozen - Taryn Szpilman
912,Disney - Hannah Montana
913,Disney - High School Musical
914,Disney - Moana - Any Gabrielly
915,Disney - Moana - Saulo Vasconcellos
916,Disney - Mogli
917,Disney - Mulan
918,Disney - Mulan - Sandy
919,Disney - O Rei Leão (Timão e Pumba)
920,Disney - Rei Leão - Graça Cunha
921,Disney - Tarzan
922,Disney - Toy Story
923,Disney - Viva A Vida É Uma Festa - Rogerio Fla
924,Disney'S 'Beauty ft. The Beast'
925,Disney'S 'Blanca Nieves'
926,Disney'S 'Cinderella'
927,Disney'S 'Hannah Montana'
928,Disney'S 'High School Musical'
929,Disney'S 'Lady ft. The Tramp'
930,Disney'S 'Lion King'
931,Disney'S 'Princesses'
932,Disney'S 'Radio Disney'
933,Disney'S 'Toy Story'
934,Disturbed
935,Divinyls
936,Dixie Chicks
937,DJ Adriano
938,Dj Bobo
939,DJ Guuga
940,DJ Guuga part. DJ Ivis
941,DJ Guuga part. MC Luuh
942,DJ Ivis part. Baroes Da Pisadinha
943,DJ Maluco
944,DJ Matt
945,DJ Patrick E Oliver part. MC Topre E Rennan
946,DJ Patrick Muniz
947,Djavan
948,Dnce
949,Do Jeito Que Eu Gosto
950,Doce Encontro
951,Dodo Pressão
952,Dois A Um
953,Dollar
954,Dolly Parton
955,Dolores Duran
956,Domenico Modugno
957,Dominguinhos
958,Dominó
959,Don Beto
960,Don Gibson
961,Don Mclean
962,Don Williams
963,Donald Fagen
964,Donato ft. Estefano
965,Donizeti
966,Donizeti Rosa
967,Donna Summer
968,Donny Osmond
969,"Doobie Brothers, The"
970,Doors (The)
971,Doris Day
972,Dorival Caymmi
973,Double
974,Double You
975,Dr. Silvana E Cia
976,Dr.Hook
977,Drake
978,Drake ft. Kyla ft. Wizkid
979,Drake ft. Rihanna
980,Dreamgirls
981,"Drifters, The"
982,Duda Beat
983,Dudu França
984,Dudu Nobre
985,Duduca E Dalvan
986,Dueto Cantares
987,Duffy
988,Dulce Pontes
989,Duo Glacial
990,Duran Duran
991,Durval E Davi
992,Dusty Springfield
993,Dóris Monteiro
994,Eagle Eye Cherry
995,"Eagles, The"
996,Earl Grant
997,Earl Thomas Conley
998,Earth Wind And Fire
999,Echo And The Bunnymen
1000,Ed Motta
1001,Ed Motta part. Maria Rita
1002,Ed Sheeran
1003,Ed Wilson
1004,Eddie Rabbitt
1005,Eddy Grant
1006,Edelweiss
1007,Ednardo
1008,Ednita Nazario
1009,Edoardo Vianello
1010,Edson
1011,Edson Cordeiro
1012,Edson e Hudson
1013,Edson E Hudson part. Kenny Rogers
1014,Edson E Hudson part. Luan Santana
1015,Edu Lobo
1016,Edu Ribeiro
1017,Eduardo Andrade
1018,Eduardo Araujo
1019,Eduardo Costa
1020,Eduardo Dusek
1021,Edy Britto E Samuel
1022,Eiffel 65
1023,Elaine Martins
1024,Elaine Martins part. Wilian Nascimento
1025,Elba Ramalho
1026,Elba Ramalho part. Ze Ramalho e Geraldo Azevedo
1027,"Electric Light Orchestra, The"
1028,Electronic
1029,Eli Soares
1030,Eliana
1031,Eliana De Lima
1032,Eliana E Molejo
1033,Eliane De Jesus
1034,Eliane Fernandes
1035,Eliane Silva
1036,Elias Monkbel part. Caio Costta
1037,Elias Monkbel part. Nattan
1038,Elias Muniz
1039,Elias Silva
1040,Eliezer Setton
1041,Elis Regina
1042,Elizangela
1043,Elizeth Cardoso
1044,Eliã Oliveira
1045,Ellie Goulding
1046,Elson
1047,Elton John
1048,Elvis Costello
1049,Elvis Presley
1050,Elvis Presley ft. Michael Buble
1051,Elymar Santos
1052,Elza Soares
1053,Emf
1054,Emicida
1055,Emilia
1056,Emilio E Eduardo
1057,Emilio Santiago E Veronica Sabino
1058,Eminem
1059,Emma Bunton
1060,Empreguetes
1061,En Vogue
1062,Enanitos Verdes
1063,Encanto
1064,Engelbert Humperdinck
1065,Engenheiros Do Hawai part. Clara Gessinger
1066,Engenheiros Do Hawaii
1067,Enrique Iglesias
1068,Enya
1069,Enzo E Henrique part. Guilherme E Santiago
1070,Enzo E Rodrigo
1071,Enzo Rabelo
1072,Enzo Rabelo part. Ze Felipe
1073,Equipe Obra De Amor
1074,Erasmo Carlos
1075,Erasure
1076,Eric Burdon
1077,Eric Carmen
1078,Eric Clapton
1079,Eric E Matheus
1080,Eric Land part. Baroes Da Pisadinha
1081,Eric Land part. Iguinho E Lulinha
1082,Eric Land part. Xand Avião
1083,Erick Montteiro
1084,Erika Martins
1085,Erika Martins part. Julieta Venegas
1086,Erikka Rodrigues
1087,Eros Ramazzotti
1088,Eros Ramazzotti ft. Tina Turner
1089,Erva Doce
1090,Estelle ft. Kanye West
1091,Estopa
1092,Etiene Pires
1093,Etta James
1094,Eula Paula
1095,Europe
1096,Eurythmics
1097,Eva Cassidy
1098,Evaldo Braga
1099,Evanescence
1100,"Everly Brothers, The"
1101,Everything But The Girl
1102,Evinha
1103,Evita
1104,Evoney Fernandes
1105,Exaltasamba
1106,Expressão Vocal
1107,Extreme
1108,Eydie Gorme Y Los Panchos
1109,Eydie Gorme Y Steve Gorme
1110,Eyshila
1111,Fabiana Anastacio
1112,Fabio
1113,Fabio Diniz
1114,Fabio Jr.
1115,Fabio Jr. part. Bonnie Tyler
1116,Fabricio E Fabian
1117,Fado
1118,Faith Hill
1119,Faith No More
1120,Falcão
1121,Fall Out Boy
1122,Fama Coral
1123,Familia Lima
1124,Fantasmão
1125,Fanzine
1126,Farofa Carioca Seu Jorge
1127,Fastball
1128,Fatima Guedes
1129,Fatima Leão
1130,Fausto Fawcett
1131,"Fbc, Vhoor, Mac Julia"
1132,Felipe Amorim
1133,Felipe Araujo
1134,Felipe Araujo part. Cristiano Araujo
1135,Felipe Araujo part. Gusttavo Lima
1136,Felipe Dillon
1137,Felipe Duran
1138,Felipe E Falcão
1139,Felipe E Ferrari
1140,Felipe E Rodrigo
1141,Felipe ret
1142,Felix Jaehn ft. Jasmine Thompson
1143,Fergie
1144,Fernanda Abreu
1145,Fernanda Abreu part. Herbert Vianna
1146,Fernanda Brum
1147,Fernanda Brum part. Emerson Pinheiro
1148,Fernanda Brum part. Eyshila
1149,Fernanda Lara
1150,Fernanda Porto
1151,Fernanda Takai
1152,Fernandinho
1153,Fernando E Sorocaba
1154,Fernando E Sorocaba part. Matheus Fernandes
1155,Fernando Mendes
1156,Ferrugem
1157,Fiduma E Jeca
1158,Fiduma E Jeca part. Munhoz E Mariano
1159,Fifth Harmony
1160,Filhos De Jorge
1161,Filhos Do Homem
1162,Filipe Ret
1163,Filosofia Reggae
1164,Fincabaute
1165,Fine Young Cannibals
1166,Fino Coletivo
1167,Firehouse
1168,Fiuk
1169,Fiuk part. Jorge Benjor
1170,Fiuk part. Mc Sapão
1171,Five For Fighting
1172,Flavia Almeida
1173,Flavio JosÈ
1174,Flavio Leandro
1175,Flavio Venturini
1176,Fleetwood Mac
1177,Fleur East
1178,Flo Rida ft. T-Pain
1179,"Floaters, The"
1180,Flor De Cheiro
1181,Flora Matos
1182,Flordelis
1183,Florence And The Machine
1184,Floribella
1185,Flume ft. Kai
1186,Flying Machine
1187,Fofão
1188,Foo Fighters
1189,Foreigner
1190,Forfun
1191,Forrozão Tropykalia
1192,Forró Cariciar
1193,Forró Do Hf
1194,Forró Do MuÌdo
1195,Forró Masseta
1196,Forró Pegado
1197,Forró Perfeito
1198,Forró Saborear
1199,Foster The People
1200,Four Aces
1201,Four Tops (The)
1202,Franciele
1203,Francis Hime
1204,Franco
1205,Franco Levine
1206,Frank Aguiar
1207,Frank Sinatra ft. Celeste Holm
1208,Frank Sinatra ft. Luther Vandross
1209,Frank Sinatra ft. Nancy Sinatra
1210,Frankie Avalon
1211,Frankie J. ft. Baby Bash
1212,Frankie Valli
1213,Frankie Valli ft. The Four Seasons
1214,Franz Ferdinand
1215,Fred Bongusto
1216,Fred E Gustavo
1217,Fred E Pedrito
1218,Freddie Jackson
1219,Freddie Mercury
1220,Freddy Fender
1221,Frejat
1222,Fresno
1223,Fresno part. Lenine e Emicida
1224,Fruto Sagrado
1225,Fun ft. Janelle Monae
1226,Fundo De Quintal
1227,Funk Como Le Gusta
1228,Furacão Love
1229,G-Clefs
1230,Gaab part. MC Hariel
1231,Gabi Martins
1232,Gabriel Diniz
1233,Gabriel Elias
1234,Gabriel Gava
1235,Gabriel Gava part. Naiara Azevedo
1236,Gabriel Pensador
1237,Gabriel Pensador part. Negra Li
1238,Gabriel Sater
1239,Gabriel Valim
1240,Gabriela
1241,Gabriela Rocha
1242,Gabrielle
1243,Gaby Amarantos
1244,Gaby Amarantos part. Monobloco
1245,Gainsbourg Serge And Jane Birkin
1246,Gal Costa
1247,Gal Costa part. Maria Bethania
1248,Gal Costa part. Paulo Bellinati
1249,Gal Costa part. Zeca Balero
1250,Galantis
1251,Galinha Pintadinha
1252,Gamação
1253,Gang 90 E Absurdettes
1254,Gang Do Samba
1255,Garbage
1256,Garotos Da Rua
1257,Garotos De Ouro
1258,Gary Barlow
1259,Gary Lewis And The Playboys
1260,Gary Moore
1261,Gasparzinho
1262,Gavin James
1263,Gavioes Da Fiel
1264,Gazebo
1265,Genaiene
1266,Gene Kelly
1267,Gene Pitney
1268,Gene Watson
1269,Genesis
1270,Genival Lacerda
1271,Genival Santos
1272,George Ezra
1273,George Freedman
1274,George Harrison
1275,George Henrique E Rodrigo
1276,George Israel
1277,George Jones
1278,George Jones ft. Tammy Wynette
1279,George Mccrae
1280,George Strait
1281,Gera Samba
1282,Geraldo Azevedo
1283,Geraldo Guimarães
1284,Geraldo Vandre
1285,Gerry Rafferty
1286,Gerson Rufino
1287,Gerson Rufino part. Barony
1288,Gian E Giovani
1289,Gianluca Grignani
1290,Gianni Morandi
1291,Gigi Dagostino
1292,Gigi Finizio
1293,Gigliola Cinquetti
1294,Gil
1295,Gilbert Becaud
1296,Gilbert O'Sullivan
1297,Gilberto E Gilmar
1298,Gilberto Gil
1299,Gilliard
1300,Gilson
1301,Gilson De Souza
1302,Gilsons
1303,Gilvan Nascimento
1304,Gin Blossoms
1305,Ginga Pura
1306,Gino E Geno
1307,Gino E Geno part. Rick E Renner
1308,Gino Paoli
1309,Gino Vannelli
1310,Giovana Martynns part. Mandrakinho
1311,Gipsy Kings
1312,Girls
1313,Girls ft. Aggro Santos
1314,Gisele Nascimento
1315,Giselle Di Mene
1316,Giselli Cristina
1317,Gislaine E Mylena
1318,Giulia Be
1319,Giulia Be part. Luan Santana
1320,Gladslane
1321,Gladys Knight ft. The Pips
1322,Glass Animals
1323,Glaucia Nascimento
1324,Glee
1325,Glen Campbell
1326,Glenn Frey
1327,Glenn Medeiros
1328,Glenn Miller
1329,Gloria Estefan
1330,Gloria Gaynor
1331,Gloria Groove
1332,Glória Groove
1333,Gnarls Barkley
1334,Gnash ft. Olivia O'Brien
1335,Golden Boys
1336,Golpe De Estado
1337,Gonzaguinha
1338,Goo Goo Dolls
1339,Good Charlotte
1340,Gorillaz
1341,Gossip
1342,Gotye ft. Kimbra
1343,Grace Jones
1344,Graciely Junqueira
1345,Grafite
1346,Grand Funk Railroad
1347,Grande Coral
1348,Grandão Vaqueiro
1349,Grease
1350,Green Day
1351,Grego part. Paulo Pires
1352,Greice Ive
1353,Gretchen
1354,Grupo 100%
1355,Grupo Algo Mais
1356,Grupo Bom Gosto
1357,Grupo Cafune
1358,Grupo Desejos
1359,Grupo Elo
1360,Grupo Feitiço
1361,Grupo Malicia
1362,Grupo Pirraça
1363,Grupo Ponto De Encontro
1364,Grupo Raça
1365,Grupo Redenção
1366,Grupo Revelação
1367,Grupo Sampa
1368,Grupo Sem Compromisso
1369,Grupo Shalom
1370,Grupo Talagaço-Gaucho Da Fronteira
1371,Grupo Talagaço-Olodum
1372,Grupo Tempero
1373,Grupo To Legal
1374,Grupo Tradição
1375,Grupo Um Toque A Mais
1376,Grupo União
1377,Gue Tsu
1378,Guentae
1379,Guess Who (The)
1380,Guilherme Arantes
1381,Guilherme E Benuto
1382,Guilherme E Benuto part. Dilsinho
1383,Guilherme E Santiago
1384,Guilherme E Santiago part. Gusttavo Lima
1385,Guns N Roses
1386,Gustavo Brenny
1387,Gustavo Henrique E Guilherme
1388,Gustavo Lins
1389,Gustavo Mioto
1390,Gustavo Mioto part. Mari Fernandez
1391,Gustavo Mioto part. Marilia Mendonça
1392,Gustavo Moura part. Rafael E Marilia Mendonça
1393,Gusttavo Lima
1394,Gusttavo Lima part. Alexandre Pires
1395,Gusttavo Lima part. Ana Castela
1396,Gusttavo Lima part. Bruno E Denner
1397,Gusttavo Lima part. Hungria Hip Hop
1398,Gusttavo Lima part. Jorge E Mateus
1399,Gusttavo Lima part. Matheus e Kauan
1400,Gusttavo Lima part. Willian E Marcelo
1401,Gusttavo Lima part. Zeze Di Camargo E Luciano
1402,Guto E Nando
1403,Gwen Stefani
1404,Gwen Stefani ft. Eve
1405,Gwyneth Paltrow ft. Huey Lewis
1406,Gym Class Heroes
1407,Haddaway
1408,Hailee Steinfeld ft. Grey Ft Zedd
1409,Hammer
1410,Hank Williams ft. Hank Williams Jr.
1411,Hank Williams Jr.
1412,Hanson
1413,Hanói Hanói
1414,"Happenings, The"
1415,Happy Mondays
1416,Harmadilha
1417,Harmonia Do Samba
1418,Harmonia do Samba
1419,Harmony Cats
1420,Harold Melvin ft. The Blue Notes
1421,Harpa Cristã
1422,Harpa Cristã part. Aline Barros
1423,Harry Belafonte
1424,Harry Nilsson
1425,Harry Styles
1426,Hateen
1427,Heart
1428,Helen Reddy
1429,Hellen Lourenço
1430,Heloisa Rosa
1431,Henrique E Abel part. Naiara Azevedo
1432,Henrique E Diego part. Dennis DJ
1433,Henrique E Diego part. Mc Guime
1434,Henrique E Juliano
1435,Herman'S Hermits
1436,Hermes Aquino
1437,Heroes Del Silencio
1438,Herva Doce
1439,Herve Vilard
1440,Heróis Da Resistencia
1441,Hevo84
1442,High School Musical
1443,Hilary Duff
1444,Hinder
1445,Hino Do Corinthians
1446,Hino Do Flamengo
1447,Hino Do Palmeiras
1448,Hino Do Santos
1449,Hino Do São Paulo
1450,Hino Do Vasco Da Gama
1451,Hino Nacional Brasileiro
1452,Hojerizah
1453,Hollies (The)
1454,Hollywood Sound Stage Orchestra
1455,Hoobastank
1456,Hot Chocolate
1457,Housemartins (The)
1458,Howlin' Wolf
1459,Hozier
1460,"Hues Corporation, The"
1461,Huey Lewis ft. The News
1462,Hugo E Guilherme part. Marilia Mendonca
1463,Hugo E Tiago
1464,Hugo Henrique part. Marilia Mendonça
1465,Hugo Pena E Gabriel
1466,Human League (The)
1467,Humberto E Ronaldo
1468,Humberto Gessinger
1469,Hungria
1470,Hungria Hip Hop
1471,Hurricane Smith
1472,Hyldon
1473,Hóri
1474,Icehouse
1475,Idina Menzel
1476,Iggy Pop
1477,Igor Kannario
1478,Igreja BÌblica Da Paz
1479,Iguinho E Lulinha
1480,Imaginasamba
1481,Imagination
1482,Imagine Dragons
1483,Imperatriz Leopoldinense
1484,Imperio Serrano
1485,In Natura
1486,Incubus
1487,Inezita Barroso
1488,Infantil
1489,Infantil (Balão Magico)
1490,Infantil-Atchim E Espirro
1491,Infantil-Eliana
1492,Information Society
1493,Inimigos Da Hp
1494,Inimigos Do Rei
1495,Inner Circle
1496,Inxs
1497,Iohannes
1498,Ira
1499,Irene Cara
1500,Irmãos Levitas
1501,Irmãs Galvão
1502,Iron Maiden
1503,Isabella Taviani
1504,Isadora Pompeo
1505,Isadora Pompeo part. Marcela Tais
1506,Isaias Saad
1507,Israel E Rodolffo
1508,Israel E Rodolffo part. Ana Castela
1509,Israel E Rodolffo part. Jorge E Mateus
1510,Israel E Rodolffo part. Kevinho
1511,Israel E Rodolffo part. Maiara E Maraisa
1512,Israel E Rodolffo part. Wesley Safadão
1513,Israel Kamakawiwo'Ole
1514,Israel Novaes
1515,Israell Muniz part. Wesley Safadão
1516,Italian
1517,Itamar Assumpção
1518,Ivan Lins
1519,Ivete Sangalo
1520,Ivete Sangalo part. Claudia Leitte
1521,Ivete Sangalo part. Ed Motta
1522,Ivete Sangalo part. Jao
1523,Ivete Sangalo part. Marilia Mendonça
1524,Ivete Sangalo part. Samuel Rosa
1525,Ivete Sangalo part. Shakira
1526,Ivete Sangalo part. Tom Kray
1527,Ivete Sangalo part. Xanddy
1528,Ivo Mozart
1529,Ivo Mozart part. Doncesão
1530,Ivo Pessoa
1531,Iza
1532,Izaas Mendes
1533,Izi
1534,J. Geils Band
1535,J.B. Samba
1536,J.Neto
1537,Jack Johnson
1538,Jack Jones
1539,Jackson 5
1540,Jacky James
1541,Jade
1542,Jads E Jadson
1543,Jair Oliveira
1544,Jair Oliveira part. Ed Motta
1545,Jair Pires
1546,Jairzinho E Simony
1547,Jake
1548,Jaldo Rodrigues
1549,Jamelão
1550,James Arthur
1551,James Bay
1552,James Blunt
1553,James Brown
1554,James Morrison
1555,James Taylor ft. J. D. Souther
1556,Jamie Cullum
1557,Jamie Lawson
1558,Jamily
1559,Jamiroquai
1560,Jammil E Uma Noites
1561,Jammil E Uma Noites part. Ivete Sangalo
1562,Janaina Kais
1563,Janaynna Targino
1564,Janaynna Targino part. Jorge E Mateus
1565,Janderson E Anderson
1566,Jane Duboc
1567,Jane E Herondy
1568,Janet Jackson
1569,Janis Joplin
1570,Japãozin part. Nattan
1571,Jason Derulo
1572,Jaspion
1573,Javier Solis
1574,Jay Vaquer
1575,Jayne
1576,Jazmine Sullivan ft. H.E.R
1577,Jean E Julio
1578,Jeff Buckley
1579,Jeff Costa part. MC Danny
1580,Jefferson Airplane
1581,Jefferson Morães part. Maraisa
1582,Jefferson Starship
1583,Jeffrey Osborne
1584,Jeito Moleque
1585,Jennifer Hudson
1586,Jennifer Lopez
1587,Jennifer Paige
1588,Jermaine Jackson
1589,Jerome Kern
1590,Jerry Adriani
1591,Jerry And The Pacemakers
1592,Jerry Lee Lewis
1593,Jerry Smith
1594,Jerry Vale
1595,Jesse
1596,Jessica Simpson
1597,Jessie J
1598,Jessie J. ft. David Guetta
1599,Jessie Ware
1600,Jessé Aguiar
1601,Jesus Christ Superstar
1602,Jet
1603,Jewel
1604,Jim Diamond
1605,Jim Reeves
1606,Jimi Hendrix
1607,Jimmy Bo Horne
1608,Jimmy Buffett
1609,Jimmy Buffett ft. Alan Jackson
1610,Jimmy Buffett ft. Martina Mcbride
1611,Jimmy Cliff
1612,Jimmy Durante
1613,Jimmy Fontana
1614,Jimmy Helms
1615,Jive Bunny And The Mastermixers
1616,Joan Jett
1617,Joan Jett ft. The Blackhearts
1618,Joan Osborne
1619,Joana
1620,Joana part. Fagner
1621,Joana part. KLB
1622,Joao Bosco E Vinicius
1623,Joao Gustavo E Murilo
1624,Joao Lucas E Alexsander
1625,Joao Lucas E Marcelo
1626,Joaquim E Manuel
1627,Joe Cocker
1628,Joe Cocker ft. Jennifer Warnes
1629,Joe Cocker-Jennifer Warnes
1630,Joe Diffie
1631,Joe Esposito
1632,Joe Euthanazia
1633,Joe Jeffrey
1634,Joe Jeffrey Group
1635,Joe Nichols
1636,Joel Corry And Mnek
1637,Joelma
1638,Joey Scarbury
1639,John Amplificado
1640,John Cale
1641,John Conlee
1642,John Cougar Mellencamp
1643,John Cougar Mellencamp ft. Meshell Ndegeocel
1644,John Denver
1645,John Denver ft. Placido Domingo
1646,John Legend
1647,John Lennon
1648,John Mayer
1649,John Mayer ft. Katy Perry
1650,John Michael Montgomery
1651,John Paul Young
1652,John Travolta
1653,Johnnie Ray
1654,Johnny Alf
1655,Johnny Cash
1656,Johnny Cash ft. Dave Matthews
1657,Johnny Cash ft. Fiona Apple
1658,Johnny Cash ft. Waylon Jennings
1659,Johnny Hooker part. E Pabllo Vittar
1660,Johnny Horton
1661,Johnny Lee
1662,Johnny Mathis
1663,Johnny Mathis ft. Deniece Williams
1664,Johnny Nash
1665,Johnny Preston
1666,Johnny Rivers
1667,Jojo Maronttinni
1668,Jon Bon Jovi
1669,Jon Secada
1670,Jonas Brothers
1671,Jonas Esticado
1672,Jonas Esticado part. Gusttavo Lima
1673,Jonas Esticado part. Marcynho Sensação
1674,Jonas Esticado part. Thales Lessa
1675,Jonas ft. Jp Cooper Blue
1676,Jonny Lang
1677,Jordin Sparks
1678,Jordin Sparks ft. Chris Brown
1679,Jorge Aragão
1680,Jorge E Mateus
1681,Jorge E Mateus part. João Neto part. Frederico
1682,Jorge E Mateus part. Maestro Pinocchio
1683,Jorge E Mateus part. Marilia Mendonça
1684,Jorge E Mateus part. Matheus part. Kauan
1685,Jorge part. Xand Avioes
1686,Jorge Vercilo
1687,Jorge Vercilo part. Gabriel Burlamaqui
1688,Jorge Vercilo part. Jorge Aração
1689,Jose Augusto part. Luan Santana
1690,Jose Augusto part. Roupa Nova
1691,Jose Feliciano
1692,Jose Fogaça
1693,Jose Luis Rodriguez
1694,Jose Roberto
1695,Josh Groban
1696,Josh Turner
1697,Joss Stone
1698,Joss Stone ft. Common
1699,Josue Bom De Faixa
1700,Jota Canalha
1701,Jota Quest
1702,Jottape
1703,Jottape part. Melody
1704,Journey
1705,Jovem Dionisio
1706,Joy Division
1707,Joyce
1708,Jozyanne
1709,João Donato
1710,João Gilberto
1711,João Gomes
1712,João Gomes part. MC Ryan Sp
1713,João Lucas E Diogo
1714,João Lucas E Marcelo
1715,João Lucas part. Matheus
1716,João Marcio E Fabiano
1717,João Mineiro E Marciano
1718,João Mulato E Pardinho E As Mineirinhas
1719,João Neto E Frederico
1720,João Neto E Frederico part. Kevinho
1721,João Neto E Frederico part. Munhoz E Mariano
1722,João Nogueira
1723,João Paulo E Daniel
1724,João Paulo E Eduardo
1725,João Pedro E Cristiano
1726,João Pedro Pais
1727,João Penca E Seus Miquinhos Amestrados
1728,João Renis E Reny
1729,João Sabia
1730,João Victor E Ricardo
1731,Juan Luis Guerra
1732,Juanes
1733,Juca Novaes E Lenine
1734,Judas Priest
1735,"Judds, The"
1736,Judy Garland
1737,Juizo Final
1738,Juliana Baroni
1739,Juliana Baroni part. Lorenzo Martins
1740,Juliana Diniz
1741,Juliano Cezar
1742,Julie Andrews
1743,Julio Cesar
1744,Julio Iglesias
1745,Julio Iglesias ft. Alejandro Fernandez
1746,Julio Iglesias Y Pedro Vargas
1747,Jung Kook
1748,Junior Vianna
1749,Jussara Silveira
1750,Justin Bieber
1751,Justin Timberlake
1752,Juventude Sa
1753,Jão part. Anitta
1754,K.C. ft. The Sunshine Band
1755,K.D.Lang
1756,Kadoshi
1757,Kadu Martins
1758,Kaio Viana part. Dynamite e DJ Vitor Lima
1759,Kaiser Chiefs
1760,Kaleidoscópio
1761,Kamylinha Santos
1762,Kamylinha Santos part. Hytalo Santos
1763,Kansas
1764,Kaoma
1765,Karametade
1766,Karina Battis
1767,Karla Sabah
1768,Karlos E Alessandro
1769,Karnak
1770,Karol Conka
1771,Karol Ka
1772,Kate Bush
1773,Kate Nash
1774,Katia
1775,Katie Melua
1776,Katinguele
1777,Katrina And The Waves
1778,Katy Perry
1779,Katy Perry ft. Juicy J.
1780,Kc ft. Sunshine Band
1781,Keala Settle
1782,Keane
1783,Kefera
1784,Keith Whitley
1785,Kell Smith
1786,Kelly Clarkson
1787,Kelly Key
1788,Kem ft. Chrisette Michele
1789,Kemilly Santos
1790,Ken Dodd
1791,Kennedy Brazzil
1792,Kenny Chesney
1793,Kenny Loggins
1794,Kenny Rogers
1795,Kenny Rogers ft. Sheena Easton
1796,Kenny Rogers ft. The First Edition
1797,Kenny Rogers-Dolly Parton
1798,Kesha
1799,Kevi Jonny
1800,Kevin O Chris
1801,Kevinho
1802,Kevinho part. Mc Davi
1803,Kevinho part. Mc Pedrinho
1804,Kid Abelha
1805,Kika Tristão
1806,Killers (The)
1807,Kiloucura
1808,Kim Carnes
1809,Kings Of Leon
1810,"Kinks, The"
1811,Kiss
1812,Klb
1813,Kleber Lucas
1814,Kleiton E Kledir
1815,Kleo Dibah part. Rafael E Maiara E Maraisa
1816,Klymaxx
1817,Knack (The)
1818,Koinonya
1819,Konai
1820,Kool ft. The Gang
1821,Korgis (The)
1822,Korn
1823,Kris Kristofferson
1824,Kristy Lee Cook
1825,Kt Tunstall
1826,Kungs Vs Cookin' On 3 Burners
1827,Kylie Minogue
1828,L. Pausini-A. Sanz-Gilbert-Fama Coral
1829,L7
1830,L7Nnon
1831,La Bouche
1832,Lady Antebellum
1833,Lady Gaga
1834,Lady Zu
1835,Lagum part. Ana Gabriela
1836,Lairton Dos Teclados
1837,Lais
1838,Lamartine Babo
1839,Lana Del Rey
1840,Lana Del Rey ft. Cedric Gervais
1841,Lane Brody
1842,Lara Fabian
1843,Larissa E William
1844,Larissa Manoela
1845,Lasgo
1846,Latino part. Andre e Adriano
1847,Latino part. Calypso
1848,Latino part. Daddy Kall
1849,Lauana Prado
1850,Lauana Prado part. Dilsinho
1851,Laura Branigan
1852,Laura Pausini
1853,Laura Souguellis
1854,Lauriete
1855,Lauryn Hill
1856,Lawson
1857,Lazaro
1858,Lea Mendonça
1859,Leandro Borges
1860,Leandro E Leonardo
1861,Leandro Lehart
1862,Leandro Leon
1863,Leandro Lopes
1864,Leandro Sapucahy
1865,Leann Rimes
1866,Leci Brandão
1867,Led Zeppelin
1868,Lee Greenwood
1869,Lee Jackson
1870,Leela
1871,Legião Urbana
1872,Leif Garrett
1873,Leila Pinheiro
1874,Lenine
1875,Lenine part. Julieta Venegas
1876,Lenine part. Ze Renato
1877,Lenny Kravitz
1878,Leno
1879,Leny Andrade
1880,Leo
1881,Leo Canhoto e Robertinho
1882,Leo e Gabriel
1883,Leo e Junior
1884,Leo E Raphael
1885,Leo E Raphael part. Pedro Paulo E Alex
1886,Leo E Thiago
1887,Leo Jaime
1888,Leo Lima
1889,Leo Magalhães
1890,Leo Maia
1891,Leo Rodriguez
1892,Leo Santana
1893,Leo Santana part. Anitta
1894,Leo Santana part. Lauana Prado
1895,Leo Sayer
1896,Leona Lewis
1897,Leonardo Gonçalves
1898,Leoni
1899,"Lettermen, The"
1900,Leva Nóiz
1901,Level 42
1902,Lewis Capaldi
1903,Lexa
1904,Lexa part. Pabllo Vittar
1905,Lia Sophia
1906,Liah Soares
1907,Liah-Tiziano Ferro
1908,Lifehouse
1909,Light Reflections
1910,Lighthouse Family
1911,Lil Nas X
1912,Lilian
1913,Lillo Thomas
1914,Lily Allen
1915,Limahl
1916,Limp Bizkit
1917,Limão Com Mel
1918,Linda Ronstadt
1919,Lindomar Castilho
1920,Linear
1921,Lingua de Trapo
1922,Liniker
1923,Liniker part. Os Caramelows
1924,Linkin Park
1925,Linox
1926,Lionel Richie
1927,Lipstick
1928,Lisa Stansfield
1929,Little Mix
1930,Little Richard
1931,Little Texas
1932,Liu E Leo
1933,Live
1934,Liverpool Express
1935,Living Colour
1936,Livres Para Adorar
1937,Liza Minelli
1938,Lizzo
1939,Lizzo ft. Ariana Grande
1940,Lloyd Price
1941,Lmfao
1942,Lobo
1943,Lobão
1944,London Beat
1945,Londonbeat
1946,Lonestar
1947,Lorde
1948,Loreena Mckennitt
1949,Loren Allred
1950,Lorena Chaves
1951,Loretta Lynn
1952,Lorrie Morgan
1953,Los Bravos
1954,Los Del Rio
1955,Los Hermanos
1956,Los Lobos
1957,Los Panchos
1958,Los Paraguayos
1959,Los Tres Caballeros
1960,Lou Bega
1961,Lou Garcia
1962,Lou Rawls
1963,Lou Raws
1964,Loubet
1965,Louis Armstrong
1966,Lourenço E Lourival
1967,Loverboy
1968,Ls Jack
1969,Lu Alone
1970,Lu Borges
1971,Lu E Robertinho
1972,Lu Estilizado
1973,Luan E Vanessa
1974,Luan Pereira Mc part. Mc Ryan Sp
1975,Luan Pereira part. Ana Castelo
1976,Luan Pereira part. Gustavo Mioto
1977,Luan Santana
1978,Luan Santana E Marilia Mendonça
1979,Luan Santana part. Camila Queiroz
1980,Luan Santana part. Chitãozinho E Xororo
1981,Luan Santana part. Claudia Leitte
1982,Luan Santana part. Conrado E Aleksandro
1983,Luan Santana part. Fernando e Sorocaba
1984,Luan Santana part. Henrique E Juliano
1985,Luan Santana part. Jorge E Mateeus
1986,Luan Santana part. Marilia Mendonça
1987,Luan Santana part. Mc Kekel
1988,Luan Santana part. Munhoz e Mariano
1989,Luana Prado part. Maiara e Maraisa
1990,Luanzinho Morães
1991,Luca Mundaca
1992,Lucas
1993,Lucas Aboiador
1994,Lucas E Orelha
1995,Lucas E Thiago
1996,Lucas Lucco
1997,Lucas Lucco part. Marilia Mendonça
1998,Lucas Lucco part. Mr Catra
1999,Lucas Lucco part. Pikeno E Menor
2000,Lucas Lucco part. Thiago Brava
2001,Lucas Moura E Cristiano
2002,Lucca E Mateus
2003,Luccas Neto
2004,Luciana Mello
2005,Lucifer
2006,Lucinha Lins
2007,Lucynha Cintra
2008,Ludmila Ferber
2009,Ludmilla
2010,Ludmilla part. Dj. Will22
2011,Ludmilla part. Ivete Sangalo
2012,Ludmilla part. Leo Santana
2013,Ludmilla part. Marilia Mendonça
2014,Ludmilla part. Mc Pupio part. Mc Doguinha
2015,Ludmilla part. Mer Vegas
2016,Ludmilla part. Pericles
2017,Luigi Tenco
2018,Luis Fonsi ft. Daddy Yankee
2019,Luis Miguel
2020,Luisa Sonza
2021,Luisa Sonza part. Ludmilla
2022,Luiz Americo
2023,Luiz Ayrão
2024,Luiz Caldas
2025,Luiz Carlos
2026,Luiz Carlos Magno
2027,Luiz Claudio E Giuliano
2028,Luiz Gonzaga
2029,Luiz Lins part. Konai e Mazili
2030,Luiz Melodia
2031,Luiz Poderoso Chefão
2032,Luiz Vieira
2033,Luiza E Maurilio
2034,Luiza Possi
2035,Luiza Sonza
2036,Luk Brown
2037,Luka
2038,Luka part. Sergio Moah
2039,Lukas Graham
2040,Lulo
2041,Lulu Santos
2042,Luma Elpidio
2043,Lupicinio Rodrigues
2044,Luther Vandross ft. Mariah Carey
2045,Luxuria
2046,Lynn Anderson
2047,Lynyrd Skynyrd
2048,M People
2049,Mac Demarco
2050,Maciel Melo part. Xangai E Nana
2051,Macklemore ft. Ryan Lewis and Wanz
2052,Macy Gray
2053,Madonna
2054,Madonna ft. Justin Timberlake ft. Timbaland
2055,Madrigal
2056,Mafalda Minnozzi
2057,Magazine
2058,Maggie Macneal
2059,Maggie Mc Oneal
2060,Magic
2061,Maiara E Maraisa
2062,Maiara E Maraisa part. Dilsinho
2063,Maiara E Maraisa part. Jorge E Mateus
2064,Maira Charken
2065,Major Lazer ft. Justin Bieber ft. Mo
2066,Malcolm Roberts
2067,Malia
2068,Malicia
2069,Malla 100 Alça
2070,Mallu Magalhães
2071,Malta
2072,Mamas And The Papas
2073,Mamonas Assassinas
2074,Maneskin
2075,Maneva
2076,Maneva part. Gabriel Elias
2077,Maneva part. Mc Hariel
2078,Manfred Mann
2079,Mangueira
2080,"Manhattan Transfer, The"
2081,"Manhattans, The"
2082,Manitu
2083,Manno Góes
2084,Mano A Mano
2085,Mano Walter
2086,Mano Walter part. Claudia Leitte
2087,Mano Walter part. João Gomes
2088,Mano Walter part. Leo Santana
2089,Mano Walter part. Marilia Mendonça
2090,Manoel Gomes part. Tierry
2091,Manu E Simone
2092,Manu Gavassi
2093,Manutti E Bruno E Barreto
2094,Mara Lima
2095,Mara Maravilha
2096,Mara Pavanelly
2097,Mara Souza
2098,Marc Almond
2099,Marcello Marcky
2100,Marcelo Aguiar
2101,Marcelo Augusto
2102,Marcelo Augusto part. Patricia Marx
2103,Marcelo D2
2104,Marcelo Jeneci
2105,"Marcels, The"
2106,Marchinhas De Carnaval
2107,Marcia
2108,Marcia Fellipe
2109,Marcia Fellipe part. Aldair Playboy
2110,Marcia Freire
2111,Marcio Greick
2112,Marcio Greyck
2113,Marcio Jose
2114,Marco Antonio Solis
2115,Marco Aurelio
2116,Marco E Mario
2117,Marcos Antonio
2118,Marcos E Belutti
2119,Marcos E Belutti part. Gaab
2120,Marcos E Belutti part. Wesley Safadão
2121,Marcos E Belutti part. Ze Vaqueiro
2122,Marcos E Fernando part. Henrique E Juliano
2123,Marcos Roberto
2124,Marcos Sabino
2125,Marcos Valle
2126,Marcus Sabino
2127,Marcus Viana
2128,Marcynho Sensação
2129,Marcynho Sensação part. Mc Mari e Wesley Safadão
2130,Marcynho Sensação part. Ze Felipe
2131,Margareth Menezes
2132,Margriet Eshuijs (Lucifer)
2133,Mari Fernandez part. Luisa Sonza
2134,Mari Fernandez part. Maiara E Maraisa
2135,Mari Fernandez part. Mc Pedrinho
2136,Mari Fernandez part. Nattan
2137,Mari Fernandez part. Xand Avião
2138,Maria Alcina
2139,Maria Cecilia E Rodolfo
2140,Maria Creuza
2141,Maria Eugenia
2142,Maria Gadu
2143,Maria Gadu part. Caetano Veloso
2144,Maria Gadu part. E Leandro Leo
2145,Maria Gadu part. Ivan Lins
2146,Maria Gadu part. Luiz Kiari
2147,Maria Marçal
2148,Maria Rita
2149,Mariah Carey
2150,Mariah Carey ft. Luther Vandross
2151,Mariah Carey ft. Westlife
2152,Mariana Aydar
2153,Mariana Fagundes
2154,Mariana Fagundes part. Naiara Azevedo
2155,Mariana Nolasco
2156,Mariana Valadão
2157,Mariane
2158,Marianne Faithfull
2159,Marie Osmond
2160,Mariene De Castro
2161,Marilia Barbosa
2162,Marilia Mendonca
2163,Marilia Mendonca part. Maiara E Maraisa
2164,Marilia Mendonça
2165,Marilia Mendonça part. Bruno E Marrone
2166,Marilia Mendonça part. Henrique E Juliano
2167,Marilia Mendonça Part. Leo Santana
2168,Marilia Mendonça Part. Leo Santana E Dida
2169,Marilia Mendonóca
2170,Marillion
2171,Marina Elali
2172,Marina Lima
2173,Marina Machado part. Samuel Rosa
2174,Marinha Brasileira
2175,Mario
2176,Mario Veloso
2177,Marisa Gata Mansa
2178,Marisa Monte
2179,Marjorie Estiano
2180,Mark Wills
2181,Markinhos Moura
2182,Marlon E Maicon
2183,Marmalade (The)
2184,Maroon 5
2185,Maroon 5 ft. Kendrick Lamar
2186,Maroon 5 ft. Sza
2187,Marquinhos Gomes
2188,Marquinhos Moura
2189,Marshmello ft. Anne Marie
2190,Mart'Nalia
2191,Martin Garrix ft. Bebe Rexha
2192,Martinha
2193,Martinho Da Vila
2194,Marvin Gaye
2195,Marvin Gaye ft. Tammi Terrell
2196,Maskavo
2197,Mastruz Com Leite
2198,Matanza
2199,Matchbox Twenty
2200,Matheus Alves part. Japãozin
2201,Matheus E Kauan
2202,Matheus E Kauan part. Jorge E Mateus
2203,Matheus E Kauan part. Kevinho
2204,Matheus E Kauan part. Marilia Mendonça
2205,Matheuzinho part. Kevinho E Rai Saia Rodada
2206,Matheuzinho part. Menor Nico
2207,Matinho da Vila part. Katia Guerreiro
2208,Matogrosso E Mathias
2209,Matt Monroe
2210,Matt Simons
2211,Matthew Fisher
2212,Mattos Nascimento
2213,Matue
2214,Matue part. Teto E Wiu
2215,Mauricio e Eduardo part. Israel Novaes
2216,Mauricio e Mauri
2217,Mauricio Manieri
2218,Mauricio Mattar
2219,Maurizelia
2220,Mauro Celso
2221,Max Vianna
2222,Maya Rodrigues
2223,Mayck E Lyan
2224,Maykow E Bruno
2225,Maysa
2226,Mc 2K
2227,Mc Afala E Case
2228,Mc Amilca E Chocolate
2229,Mc Andinho
2230,Mc Anjim
2231,Mc Babi
2232,Mc Bella
2233,Mc Bin Laden
2234,Mc Bola
2235,Mc Braz part. Mc Tairon E DJ Win
2236,MC Bruninho
2237,Mc Bruninho part. Mc Vitinho Ferrari
2238,Mc Buiu
2239,Mc Cabelinho
2240,Mc Catraca
2241,Mc Chinelinho
2242,Mc Créu
2243,Mc Davi
2244,Mc Davi part. DJ W
2245,Mc Dede
2246,Mc Delano
2247,Mc Doguinha
2248,Mc Don Juan part. Mc Hariel
2249,Mc Duduzinho
2250,Mc Federado E Os Leleks
2251,Mc Fioti
2252,Mc G15
2253,Mc Gabzin
2254,Mc Gui
2255,Mc Gustta part. Mc Dg
2256,Mc Hariel part. Mc Daleste
2257,Mc Ig part. Mc Pipokinha
2258,Mc Jacaré
2259,Mc Jaja
2260,Mc Japa
2261,Mc Josh
2262,Mc João
2263,Mc Joãozinho part. Vt E Mc Lipi
2264,Mc Kekel part. Dani Russo
2265,Mc Kekel part. Mumuzinho E Maiara E MaraÌsa
2266,Mc Kevin
2267,Mc Koringa
2268,Mc L Da Vinte part. Mc Gury
2269,Mc Leozinho
2270,Mc Livinho Do Recife
2271,Mc Livinho E Mc Lustosa
2272,Mc Loma E As Gemeas Lacração
2273,Mc Lon
2274,Mc Lorenzo
2275,Mc Ludmilla
2276,Mc Maneirinho
2277,Mc Marcinho
2278,Mc Marcinho part. Mc Leandro
2279,Mc Marcio part. Goro
2280,Mc Marks
2281,Mc Menor Da Vg
2282,Mc Menor Hr part. Mc Menor Sg
2283,Mc Mm
2284,Mc Nandinho part. Mc Nego Bam
2285,Mc Niack
2286,Mc Niack part. DJ Ak Br E DJ Darge
2287,Mc Pedrinho
2288,Mc Pedrinho part. Mc Livinho
2289,Mc Pedrinho part. Mc Teteu
2290,Mc Pelle
2291,Mc Ph
2292,Mc Pikeno E Menor
2293,MC poze do rodo
2294,Mc Princy
2295,Mc Rd
2296,Mc Rennan Da Penha part. Mc 2Jhow
2297,Mc Rita
2298,Mc Rodolfinho
2299,Mc Romantico
2300,Mc Ruanzinho
2301,Mc Ryan Sp
2302,Mc Sapão
2303,Mc Savinon
2304,Mc Tato part. Gabb Mc
2305,Mc Thd part. Mc Gui
2306,Mc Treyce part. Mc Izall
2307,Mc Tria part. Mc Menor
2308,Mc Vitão part. Dennis DJ
2309,Mc Ws
2310,Mc Xenon
2311,Mc Zaac part. Jerry
2312,Mc Zaac part. Mc Vigary
2313,Mc Zaquin part. Mc Rick
2314,Mcfly
2315,McFly
2316,Mcphee Katharine
2317,Mcs Jhowzinho part. Kadinho
2318,Mcs Zaac part. Jerry
2319,Meat Loaf
2320,Mecano
2321,Meduza ft. Dermot Kennedy
2322,Megadeth
2323,Megh Stock
2324,Meghan Trainor
2325,Meghan Trainor ft. John Legend
2326,Meghan Trainor Ft. Lunchmoney Lewis
2327,Meghan Trainor ft. Pussycat Dolls
2328,Mel Com Terra
2329,Melanie C
2330,Melanie C ft. Lisa 'Left Eye' Lopes
2331,Melanie Fiona
2332,Melanina Carioca
2333,Melim
2334,Melim part. Rael
2335,Melody
2336,Men At Work
2337,Mendelssohn
2338,Menescal E Boscoli
2339,Menos É Mais
2340,Mensagem Brasil
2341,Menudo
2342,Meredith Brooks
2343,Merle Haggard
2344,Metallica
2345,Metro
2346,Michael Bolton
2347,Michael Buble
2348,Michael Buble ft. Black Thought
2349,Michael Holm
2350,Michael Jackson
2351,Michael Learns To Rock
2352,Michael McDonald
2353,Michael Sembello
2354,Michael Sullivan
2355,Michel Legrand
2356,Michel Polnareff
2357,Michel Teló
2358,Michel Teló part. Gusttavo Lima
2359,Michel Teló part. Maiara E Maraisa
2360,Michel Teló part. Prince Royce
2361,Michele Nascimento
2362,Mick Fleetwood
2363,Mick Jagger
2364,Midian Lima
2365,Midnight Oil
2366,Mika
2367,Mike ft. The Mechanics
2368,Mila part. Menor Nico e Petter Ferraz
2369,Miley Cyrus
2370,Miley Cyrus ft. Dua Lipa
2371,Milionario E Jose Rico
2372,Milionario E Marciano
2373,Milli Vanilli
2374,Miltinho
2375,Miltinho part. Edilberto e Falamansa
2376,Milton Carlos
2377,Milton Guedes
2378,Milton Nascimento
2379,Ministerio Apascentar De Nova Iguaçu
2380,Ministerio Sarando A part. MinistÈrio Sarando A Terra Ferida
2381,Ministerio Sarando A Terra Ferida
2382,Ministerio Unção De Deus
2383,Ministerio Zoe
2384,Minnie Riperton
2385,Mirian Araujo
2386,Mission (The)
2387,Missy Elliott
2388,Mitch Miller
2389,Miucha
2390,Moacyr Franco
2391,Moacyr Franco part. Sergio Reis
2392,Mocidade Ind. Pe. Miguel
2393,Moinho
2394,Molejo
2395,Molejo part. David Brazil
2396,Monica Salmaso
2397,Monique Kessous
2398,Monkees
2399,Moody Blues
2400,Moony
2401,Morada
2402,Moraes Moreira
2403,Morcheeba
2404,Morris Albert
2405,Morrissey
2406,Motley Crue
2407,Mpb4
2408,Mpb4 part. Toquinho
2409,Mr. Jam
2410,Mr. Mister
2411,Mr.Big
2412,Mulekada
2413,Muleke Travesso
2414,Mulher Mangaba (Ellen Roche)
2415,Mumuzinho
2416,Mungo Jerry
2417,Munhoz E Mariano
2418,Munhoz E Mariano part. João Neto E Frederico
2419,Munhoz E Mariano part. Luan Santana
2420,Munhoz e Mariano part. Pedro Henrique E Fernando
2421,Munhoz E Mariano part. Thiaguinho
2422,Murilo Huff part. Maiara E Maraisa
2423,Musa Do Calypso
2424,Musa Do Calypso part. Banda Kitara
2425,Musa do Calypso part. Mc Sheldon
2426,Muse
2427,Musica Junina
2428,Musical San Francisco
2429,Mussoumano
2430,Mv Bill
2431,My Chemical Romance
2432,Mylena
2433,Móveis Coloniais De Acaju
2434,Nadson O Ferinha
2435,Naiara Azevedo
2436,Naiara Azevedo part. Ana Castela
2437,Naiara Azevedo part. Ivete Sangalo
2438,Naiara Azevedo part. Kevinho
2439,Naiara Azevedo part. Maiara E Maraisa
2440,Naiara Azevedo part. Mr. Catra
2441,Naldo Benny
2442,Nalva Aguiar
2443,Nana Caymmi
2444,Nando Cordel
2445,Nando Reis
2446,Nando Reis part. Ana Canas
2447,Nando Reis part. Rogerio Flausino E Cassia Eller
2448,Nani Azevedo
2449,Nara Leão
2450,Narada Michael Walden ft. Patti Austin
2451,Nat King Cole
2452,Nat King Cole ft. Natalie Cole
2453,Natalia Siqueira
2454,Natalie Cole
2455,Natalie Imbruglia
2456,Natiruts
2457,Nattan part. Xand Avião
2458,Nattan part. Zé Vaqueiro
2459,Nayah
2460,Nazareth
2461,Ne-Yo
2462,Nechvile
2463,Nego Do Borel part. Anitta e Wesley Safadão
2464,Nego do Borel part. DJ Rennan Da Penha
2465,Nego Do Borel part. Maiara E Maraisa
2466,Nego Joe
2467,Nego Rico part. Forró Do Movimento
2468,Negra Li
2469,Negra Li part. Nando Reis
2470,Negritude Jr.
2471,Neil Diamond
2472,Neil Diamond ft. Barbra Streisand
2473,Neil Sedaka
2474,Neil Sedaka ft. Dara Sedaka
2475,Neil Young
2476,Nek
2477,Nelly ft. Kelly Rowland
2478,Nelson E Davi
2479,Nelson Gonçalves
2480,Nelson Ned
2481,Nena
2482,Nenho Falando De Amor
2483,Nenhum De Nós
2484,Nenhum De Nós part. Roberta Campos
2485,Neon Trees
2486,Netinho De Paula
2487,Neto Lx
2488,New Edition
2489,New Found Glory
2490,New Kids On The Block
2491,New Order
2492,New Radicals
2493,Ney Matogrosso
2494,Ney Matogrosso part. Pedro Luis E a Parede
2495,Nho Belarmino e Nha Gabriela
2496,Nicholas Torres
2497,Nickelback
2498,Nicki Minaj
2499,Nicks Vieira
2500,Nicky Youre ft. Dazy
2501,Nico And Vinz
2502,Nico Fidenco
2503,Nico Rezende
2504,Nicolette Larson
2505,Nightwish
2506,Nikka Costa
2507,Nikki Yanofsky
2508,Nila Branco
2509,Nilton Cesar
2510,Nina Fernandes
2511,Nina Nesbitt
2512,Nina Simone
2513,Nino Di Carlo
2514,Nino Rosso
2515,Nirvana
2516,Nivaldo Marques Nattan
2517,Nivea Soares
2518,Nixon
2519,No Doubt
2520,Noel
2521,Noite Ilustrada
2522,Norah Jones
2523,Nossa
2524,Novo Som
2525,Novos Baianos
2526,Now United
2527,Nubia Lafayette
2528,Nx Zero
2529,O Espirito Da Coisa
2530,O Surto
2531,O Terno
2532,O-Town
2533,Oasis
2534,Oba Oba Samba House
2535,Oba Oba Samba House part. Lucas Lucco
2536,Obede E Taina
2537,Odair Jose
2538,Offspring (The)
2539,Oficina G3
2540,Oh Polêmico
2541,Oingo Boingo
2542,Oliver
2543,Olivia Rodrigo
2544,Olly Murs
2545,Olodum
2546,Omd
2547,Omi
2548,Omulu part. Delano
2549,One Direction
2550,One Republic
2551,Onze 20
2552,Oriente
2553,Originais Do Samba
2554,Orlando Dias
2555,Orlando Morais
2556,Orlando Silva
2557,Ornella Vanoni
2558,Orochi
2559,Orquestra Da Terra
2560,Os 3 Do Nordeste
2561,Os 4 Gauderios
2562,Os Abelhudos
2563,Os Araganos
2564,Os Atuais
2565,Os Cariocas
2566,Os Cretinos part. Mc Wm
2567,Os Dentes
2568,Os Incriveis
2569,Os Mirins
2570,Os Monarcas
2571,Os Morenos
2572,Os Saltimbancos
2573,Os Serranos
2574,Os Thomes
2575,Os Trapalhoes
2576,Os Travessos
2577,Os Vips
2578,Osmar Navarro
2579,Oswaldo Bezerra
2580,Oswaldo Montenegro
2581,Otis Redding
2582,Otto
2583,Outfield (The)
2584,Outkast
2585,Outro Eu
2586,Ouvir E Crer
2587,Ovelha
2588,Owl City
2589,Ozark Mountain Daredevils
2590,Ozeias De Paula
2591,Ozzy Osbourne
2592,P. Diddy ft. Keyshia Cole
2593,P.O Box
2594,Pabllo Vittar
2595,Pabllo Vittar part. Dilsinho
2596,Pabllo Vittar part. Ivete Sangalo
2597,Pabllo Vittar part. Pocah
2598,Pablo
2599,Pablo Milanes
2600,Pablo part. Claudia Leite
2601,Pacheco part. Marilia Mendonca
2602,Pagod'Art
2603,Palavra Cantada
2604,Paloma Faith
2605,Paloma Faith ft. Teddy Swins
2606,Pamela
2607,Panic At The Disco
2608,Paolo
2609,Papas Da Lingua
2610,Paquitas
2611,Parabens a Voce
2612,Paralamas Do Sucesso
2613,Paramore
2614,Parangole
2615,Passenger
2616,Pat Benatar
2617,Pat Boone
2618,Pat Green
2619,Patati E Patata
2620,Pato Fu
2621,Patricia Coelho
2622,Patricia Marx
2623,Patricia Souza
2624,Patrick Dimon
2625,Patrick Hernandez
2626,Patrick Swayze
2627,Patrulha Do Samba
2628,Patsy Cline
2629,Patti Page
2630,Patti Smith
2631,Patti Smith Group
2632,Paul Anka
2633,Paul Denver
2634,Paul McCartney
2635,Paul Mccartney ft. Frog Chorus
2636,Paul Simon
2637,Paul Young
2638,Paula Abdul
2639,Paula Fernandes part. Chitãozinho E Xororó
2640,Paula Fernandes part. Chitãozinho part. Xororó
2641,Paula Fernandes part. Leonardo
2642,Paula Fernandes part. Marcus Vianna
2643,Paula Fernandes part. Victor part. Leo
2644,Paula Hunter
2645,Paula Lima
2646,Paula Mattos
2647,Paula Mattos part. Wesley Safadão
2648,Paulinho Da Viola
2649,Paulinho Pedra Azul
2650,Paulo Cesar Baruck
2651,Paulo Diniz
2652,Paulo Miklos
2653,Paulo Neto
2654,Paulo Ricardo
2655,Paulo Sergio
2656,Paulo Tatit
2657,Paulynho Paixão
2658,Pe. Fabio De Mello
2659,Pe. Marcelo Rossi
2660,Pe. Marcelo Rossi part. Belo
2661,Pe. Zezinho
2662,Peabo Bryson ft. Regina Belle
2663,Peaches ft. Herb
2664,Pearl Jam
2665,Pedindo Bis
2666,Pedra Leticia
2667,Pedras Vivas
2668,Pedrinho Pegação
2669,Pedro Barreto
2670,Pedro Capó part. Farruko
2671,Pedro Henrique E Fernando pt. Munhoz E. Mariano
2672,Pedro Henrique part. Fernando
2673,Pedro Henrique part. Fernando part. Munhoz part. Mariano
2674,Pedro Luis part. A parede
2675,Pedro Mariano
2676,Pedro Mariano part. Zelia Duncan
2677,Pedro Nassif
2678,Pedro part. Thiago
2679,Pedro Paulo part. Alex E Ana Castela
2680,Pedro Paulo part. Alex E Lucas Lucco
2681,Pedro Paulo part. Matheus
2682,Pedro Sampaio
2683,Pedro Sampaio part. Daniel Caon part. Wesley Safadao
2684,Pedro Sampaio part. Pabllo Vittar
2685,Pedro Sampaio part. Ze Vaqueiro
2686,Peggy Lee
2687,Peixe Eletrico
2688,Pena Branca part. Xavantinho
2689,Pendro Bento part. Zé Da Estrada
2690,Peninha
2691,Penélope
2692,Pepeu Gomes
2693,Pepi E Nenem
2694,Peppino Di Capri
2695,Percy Sledge
2696,Peri Ribeiro
2697,Pericles part. Jeniffer Nascimento
2698,Pericles part. Xande De Pilares
2699,Perlla
2700,Perry Como
2701,Pery Ribeiro
2702,Pet Shop Boys
2703,Peter Cetera
2704,Peter Frampton
2705,Peter ft. Gordan
2706,Peter Gabriel
2707,Peter Schilling
2708,Peter Tosh
2709,"Peter, Paul ft. Mary"
2710,Petter Ferraz part. Menor Nico
2711,Peão Carreiro part. Praense
2712,Peão Carreiro part. Zé Paulo
2713,Pg
2714,Ph.D.
2715,Pharrell Williams
2716,Phenomena
2717,Phil Collins
2718,Phil Collins ft. Manhattan Transfer
2719,Phil Collins ft. Marilyn Martin
2720,Phil Collins ft. Philip Bailey
2721,Philip Bailey ft. Phil Collins
2722,Phillip Phillips
2723,Pholhas
2724,Pimpinela
2725,Ping Fong
2726,Pink Floyd
2727,Pink ft. Lily Allen
2728,Pink ft. Nate Ruess
2729,Pino Donaggio
2730,Pique Novo
2731,Pirilampo E Saracura
2732,Pirlimpimpim
2733,Pitbull Ft. Kesha
2734,Pitbull ft. Kesha
2735,Pitbull ft. Marc Anthony
2736,"Pitbull ft. Ne-Yo, Afrojack, Nayer"
2737,Pitty
2738,Pixies
2739,Pixinguinha
2740,Pixote
2741,Pj Harvey
2742,Placa Luminosa
2743,Placido Domingo
2744,Planet Hemp
2745,Planta E Raiz
2746,Platters (The)
2747,Player
2748,Plebe Rude
2749,Pocah part. Mirella
2750,Poesia Acustica
2751,"Pogues, The"
2752,Pointer Sisters (The)
2753,Poison
2754,Pokemon - Jana Bianchi
2755,Polegar
2756,Police (The)
2757,Pollo
2758,Pollo part. Fernanda Chagas
2759,Pollo part. Ivo Mozart
2760,Poo Bear part. Anitta
2761,Porca Veia
2762,Post Malone
2763,Post Malone ft. Swae Lee
2764,Poze do Rodo
2765,"Poze part. Bielzin, Filipe Ret E Orochi"
2766,Pr. Jairinho
2767,Premeditando O Breque
2768,Presuntos Implicados Y Randy Crawford
2769,Preta Gil
2770,Preta Gil part. Pabllo Vittar
2771,Pretenders (The)
2772,Prince
2773,Prince ft. Apollonia
2774,Prince ft. Sheena Easton
2775,Prince ft. The Revolution
2776,Priscila Senna part. Mari Fernandez
2777,Priscilla Alcantara
2778,Procol Harum
2779,Projota
2780,Projota part. Marcelo D2
2781,Projota part. Marlos Vinicius
2782,Projota part. Negra Li
2783,Psy
2784,"Psychedelic Furs, The"
2785,Pussycat Dolls ft. Wil.I.Am
2786,"Pussycat Dolls, The"
2787,Quarteto Em Cy
2788,Quatro Por Um
2789,Queen
2790,Queen ft. David Bowie
2791,Queensryche
2792,Quiet Riot
2793,R City F Adam Levine
2794,R. Kelly
2795,R.E.M.
2796,Racionais
2797,Radio Futura
2798,Radio Taxi
2799,Radiohead
2800,Rael
2801,Rafa E Pipo Marques part. Wesley Safadão
2802,Rag'N'Bone Man
2803,Rage Against The Machine
2804,Rai Saia Rodada
2805,Raimundos
2806,Raiz Coral
2807,"Ramones, The"
2808,Randy Travis
2809,Rapazolla
2810,Rappa
2811,Raquel Santana
2812,Raquel Silva
2813,Rascal Flatts
2814,Raul Gil
2815,Raul Sampaio
2816,Raul Seixas
2817,Raul Seixas part. Marcelo Nova
2818,Ray Charles
2819,Ray Charles ft. Elton John
2820,Ray Parker Jr.
2821,Rayssa E Ravel
2822,Razão Brasileira
2823,Raça Negra
2824,Raça Negra part. Reginaldo Rossi
2825,Raça Negra part. Xand Aviao
2826,Raça Pura
2827,RBD
2828,Reba Mcentire
2829,Reba McEntire
2830,Rebeldes Brasil
2831,Red Hot Chili Peppers
2832,Refla
2833,Reggie N Bollie
2834,Reginaldo Rossi
2835,Reginho E Banda Surpresa
2836,Regis Danese
2837,Rei Da Cacimbinha
2838,Rei Leão
2839,Reinaldo
2840,Renanzin Pressão
2841,Renascer Praise
2842,Renata Brasil
2843,Renato E Seus Blue Caps
2844,Renato Guimarães
2845,Renato Luciano part. Ney Matogrosso
2846,Renato Russo
2847,Renato Teixeira
2848,Renato Terra
2849,Rene E Ronaldo
2850,Reo Speedwagon
2851,Resgate
2852,Restart
2853,Rey Vaqueiro
2854,Ric Ocasek
2855,Ricardo Braga
2856,Ricardo Chaves
2857,Ricardo E Eduardo
2858,Ricardo E João Fernando
2859,Ricardo E Juliano
2860,Ricardo Montaner
2861,Richard Marx
2862,Richie Valens
2863,Rick Astley
2864,Rick E Renner
2865,Rick E Renner part. Rionegro E Solimıes
2866,Rick James ft. Smokey Robinson
2867,Rick James ft. Teena Marie
2868,Rick Sollo
2869,Rick Springfield
2870,Rick Vallen
2871,Ricky Martin
2872,Ricky Martin ft. Meja
2873,Right Said Fred
2874,Righteous Brothers (The)
2875,Rihanna ft. David Guetta
2876,Rihanna ft. Drake
2877,Rihanna ft. Jay Z
2878,Rihanna ft. Jay-Z
2879,Rihanna ft. Mikky Ekko
2880,Rihanna ft. Ne-Yo
2881,Rinaldo Liriel
2882,Rio Negro E Solimoes
2883,Rise Against
2884,Rita Coolidge
2885,Rita De Cassia
2886,Rita Lee
2887,Rita Ora
2888,Rita Pavone
2889,Rita Ribeiro
2890,Rob Nunes part. Gusttavo Lima
2891,Rob Thomas
2892,Robbie Williams
2893,Robbie Williams ft. Nicole Kidman
2894,Robert Downey Jr
2895,Robert Plant
2896,Roberta Flack
2897,Roberta Flack ft. Donny Hathaway
2898,Roberta Flack ft. Peabo Bryson
2899,Roberta Kelly
2900,Roberta Miranda
2901,Roberta Sa
2902,Roberta Sa part. Lenine
2903,Roberto Carlos
2904,Roberto Leal
2905,Roberto Livi
2906,Roberto Muller
2907,Roberto Ribeiro
2908,Roberto Trevisan
2909,Robin Gibb
2910,Robin S
2911,Robin Schulz ft. Francesco Yates
2912,Robinson Monteiro
2913,Rockwell
2914,Rod Stewart
2915,Rod Stewart ft. Eric Clapton
2916,Rodrigo Faro
2917,Rodrigo Santos
2918,Rodriguinho
2919,Rodriguinho part. Nana Damasceno
2920,Rodriguinho part. Thiaguinho
2921,Roger Daltry
2922,Roger E Robson
2923,Roger E Robson part. Eduardo Costa
2924,Roger Williams
2925,Rogerinho
2926,Rogério Som
2927,Rolando Boldrin
2928,"Rolling Stones, The"
2929,Romeu Part. Taty Pink
2930,Romim Mahta
2931,Romim Mata
2932,Ronaldo Adriano
2933,Ronaldo Bezerra
2934,Ronaldo E Os Barcelos
2935,Ronaldo Reseda
2936,Ronan Keating
2937,Ronnie Von
2938,Rosa De Saron
2939,Rosa Passos
2940,Rosalia
2941,Rosana
2942,Rose Nascimento
2943,Rosemary
2944,Rosilene Martins
2945,Rouge
2946,Rouge part. KLB
2947,Roupa Nova
2948,Roupa Nova part. Claudia Leitte
2949,Roupa Nova part. Ivete Sangalo
2950,Roupa Nova part. Maite Perroni
2951,Roxette
2952,Roy Orbison
2953,Royce Do Cavaco
2954,Rozeane Ribeiro
2955,Rpm
2956,Ruban
2957,Rud E Robson
2958,Rufino E Barony
2959,Rufus Wainwright
2960,Rumo Ao Penta
2961,Rush
2962,Rute Assunção
2963,S Club 7
2964,Sabrina
2965,Sade
2966,Sagrado Coração Da Terra-Mal Aires
2967,Saia Rodada
2968,Salgueiro
2969,Sam Smith
2970,Sam Smith ft. Kim Petras
2971,Sam Smith ft. Normani
2972,Samantha Mumba
2973,Samantha Sang-Bee Gees
2974,Sambo
2975,Sammy Davis Jr.
2976,Sampa Crew part. Dani Voguel
2977,Samprazer
2978,Samuel Mariano
2979,"Sandpipers, The"
2980,Sandra De Sa
2981,Sandra Pires
2982,Sandra Pires part. Fabiana Anastacio
2983,Sandrinha
2984,Sandro Becker
2985,Sandro E Cicero part. Mc Mirela
2986,Sandro E Gustavo
2987,Sandy E Junior part. Chitãozinho E Xororó
2988,Sandy E Junior part. Toquinho
2989,Sandy Leah
2990,Sandy part. Lucas Lima
2991,Sandy part. Ludmilla
2992,Sandy part. Wanessa Camargo
2993,Santa Esmeralda
2994,Santa Geração
2995,Santana ft. he Product Geb
2996,Santana ft. Michelle Branch
2997,Santana ft. Rob Thomas
2998,Santo California
2999,Sara Bareilles
3000,Sara Evans
3001,Sarah Brightman
3002,Sarah Brightman ft. Hot Gossip
3003,Sarah Farias
3004,Sarah Mclachlan
3005,Sasha
3006,Saulo Fernandes
3007,Savage Garden
3008,Scalene
3009,Scorpions
3010,Scott Mckenzie
3011,Scracho
3012,"Script, The"
3013,Seal
3014,Sean Kingston
3015,Sebastian Yatra ft. Isabela Merced
3016,Secos E Molhados
3017,Selena Gomez
3018,Selena Gomez ft. Marshmello
3019,Selena Gomez ft. The Scene
3020,Selma Reis
3021,Semisonic
3022,Sempre Livre
3023,Sensação
3024,Sepultura
3025,Sergio Britto part. Negra Li
3026,Sergio E Tchelo
3027,Sergio Endrigo
3028,Sergio Loroza
3029,Sergio Mallandro
3030,Sergio Mendes
3031,Sergio Murilo
3032,Sergio Reis
3033,Sergio Sampaio
3034,Seu Cuca
3035,Severino Araujo
3036,"Sex Pistols, The"
3037,Shaggy ft. Rayvon
3038,Shakin' Stevens
3039,Shakira ft. Dizzee Rascal
3040,Shakira ft. Jasmine Nuca
3041,Shakira ft. Rihanna
3042,Shakira ft. Wyclef Jean
3043,Shania Twain
3044,Shania Twain ft. Bryan White
3045,Shania Twain-Back Street Boys
3046,Shawn Mendes
3047,Sheena Easton
3048,Sheldon Harnick ft. Jerry Bock
3049,Sheryl Crow
3050,Shires
3051,Shirley Bassey
3052,Shirley Carvalhaes
3053,Shirley Kaiser
3054,Shocking Blue
3055,Shontelle
3056,Showaddywaddy
3057,Shrek
3058,Sia
3059,Sidney Magal
3060,Silva
3061,Silva part. Anitta
3062,Silva part. Ludmilla
3063,Silvanno Salles
3064,Silverchair
3065,Silvia Machete
3066,Silvinha
3067,Silvio Caldas
3068,Silvio Cesar
3069,Simon ft. Garfunkel
3070,Simone E Simaria
3071,Simone e Simaria
3072,Simone E Simaria part. Anitta
3073,Simone E Simaria part. Jorge E Mateus
3074,Simone E Simaria Part. Ludmilla
3075,Simone E Simaria part. Marilia Mendonça
3076,Simone Mendes
3077,Simone part. Frejat
3078,Simoninha
3079,Simony
3080,Simony part. Alexandre
3081,Simple Minds
3082,Simple Plan
3083,Simple Plan ft. Sean Paul
3084,Simply Red
3085,Sinead O'Connor
3086,Siouxsie And The Banshees
3087,Sister Hazel
3088,Sister Sledge
3089,Sivuca
3090,Sixpencer None The Richer
3091,Skeeter Davis
3092,Skid Row
3093,Skrillex ft. Diplo ft. Justin Bieber
3094,Slade
3095,Slayer
3096,Slipknot
3097,Smash Mouth
3098,Smashing Pumpkins
3099,Smiths (The)
3100,Smokey Robinson
3101,Smokie
3102,Snap
3103,Snow Patrol
3104,Snz
3105,Sofia Carson
3106,Soft Cell
3107,Solange Almeida E Bruno
3108,Solange Almeida part. Wesley Safadão
3109,Solteirçoes Do Forró
3110,Som Maior
3111,Sonia
3112,Sophia Valverde E Coro Poliana
3113,Soraya Moraes
3114,Sorriso Maroto
3115,Sorriso Maroto part. Ludmilla
3116,Soul Asylum
3117,Soundgarden
3118,Soweto
3119,Soweto part. Neguinho Da Beija Flor
3120,Spandau Ballet
3121,Spanish
3122,"Specials, The"
3123,"Spice Girls, The"
3124,Spin Doctors
3125,Standard
3126,Standard Reminiscing
3127,Starship
3128,Status Quo
3129,Steely Dan
3130,Stephanie Mills
3131,Stephanie Ray
3132,Stephen Bishop
3133,Stephen Collins Foster
3134,Steppenwolf
3135,Steve Lawrence
3136,"Steve Miller Band, The"
3137,Stevie B
3138,Sthefany
3139,"Stills, Crosby, Nash ft. Young"
3140,Sting
3141,Stone Roses
3142,Stone Sour
3143,Stone Temple Pilots
3144,"Stray Cats, The"
3145,Strike
3146,Strike part. Projota
3147,Strokes (The)
3148,Stylistics (The)
3149,Styx
3150,Suave-E.Baggio-M.Martins
3151,Sublime
3152,Sublimes
3153,Sugar Ray
3154,Sula Miranda
3155,Sunday
3156,Super Feliz
3157,Supercombo
3158,Supergrass
3159,Supertramp
3160,Supla
3161,Suricato
3162,Suricato part. Melim
3163,Survivor
3164,Susan Boyle
3165,Susan Tedeschi
3166,Susanna Hoffs
3167,Suzanne Vega
3168,Suzi Quatro
3169,Swedish House Mafia
3170,Swedish House Mafia And John Martin
3171,Swing E Simpatia
3172,Swing Out Sister
3173,Sylvester
3174,Sylvia Telles
3175,Sylvinho
3176,System Of A Down
3177,S· E Guarabyra
3178,SÌlvio Brito
3179,Só No Sapatinho
3180,Só Pra Contrariar
3181,Só Pra Contrariar-Gloria Estefan
3182,Só Preto Sem Preconceito
3183,T. G. Sheppard
3184,T.A.T.U.
3185,T.Rex
3186,Ta Na Mente
3187,Taiguara
3188,Tainara E Diuliano
3189,Taio Cruz
3190,Take That
3191,Talk Talk
3192,"Talking Heads, The"
3193,Tamia
3194,Tammy Wynette
3195,Tangela Vieira
3196,Tania Alves
3197,Tania Cristal
3198,Tania Mara
3199,Tania Mara part. Alexandre Pires
3200,Tank
3201,Tanya Tucker
3202,Tanya Tucker ft. T Graham Brown
3203,Tarcisio Do Acordeon
3204,Tarik Lima part. Mc Dricka E Dada Boladão
3205,Tata Vegas
3206,Tatau
3207,Tati Quebra Barraco
3208,Tati Zaqui
3209,Tatu
3210,Taty Girl part. Wesley Safadão
3211,Tavares
3212,Tavito
3213,Taylor Swift
3214,Tayrone
3215,Tayrone Cigano
3216,Tayrone part. Marilia Mendonça
3217,Tchakabum
3218,Tche Barbaridade
3219,Tche Campeiro
3220,Tche Guri
3221,Tears For Fears
3222,Teatro Magico (O)
3223,Technotronic
3224,Teixeirinha
3225,Telex
3226,Temple Of The Dog
3227,Teodoro E Sampaio
3228,Terence Trent D'Arby
3229,Terrasamba
3230,Terry Winter
3231,Testament
3232,Tete Espindola
3233,Teto
3234,Teto part. Poze Do Rodo
3235,Thaeme E Thiago
3236,Thaeme Marioto
3237,Thais Gullin
3238,Thalia
3239,Thalles Roberto
3240,Thayna Bitencourt
3241,The Black Eyed Peas ft. J Balvin
3242,The Farm
3243,The Fevers
3244,The Fugees
3245,The Hooters
3246,The Originals
3247,The Parlotones
3248,The Reason
3249,The Rembrandts
3250,The Ronettes
3251,The Temptations
3252,The The
3253,The Wallflowers
3254,The Wanted
3255,The Weather Girls
3256,The Youngbloods
3257,Thiago Aquino
3258,Thiago Brava
3259,Thiago Brava part. Cristiano Araujo E Mr. Catra
3260,Thiago Brava part. Jorge
3261,Thiago Brava part. Turma Do Pagode
3262,Thiago Carvalho
3263,Thiago Farra
3264,Thiago Servo
3265,Thiaguinho
3266,Thiaguinho Mt part. Mila E Js O Mao De Ouro
3267,Thiaguinho part. Mana
3268,Thiaguinho part. Munhoz E Mariano
3269,Thiaguinho part. Sorriso Maroto
3270,Thomas Rhett
3271,Three Days Grace
3272,Three Dog Night
3273,Thullio Milionario
3274,Tiago Abravanel
3275,Tiago Iorc
3276,Tianast·cia
3277,Tie
3278,Tiee part. Pericles
3279,Tierry
3280,Tierry part. Gusttavo Lima
3281,Tierry part. Wesley Safadão
3282,Tiesto
3283,Tiffany
3284,Tihuana
3285,Tihuana part. Digão
3286,Tim Maia
3287,Tim McGraw
3288,Tim Moore
3289,Timbaland ft. One Republic
3290,Tina Charles
3291,Tina Turner
3292,Tina Turner And Ike
3293,Tina Turner ft. Al Green
3294,Tino
3295,Tiririca
3296,Tito Rojas
3297,Titãs
3298,Tiziano Ferro
3299,Tião Carreiro E Pardinho
3300,Tlc
3301,Toby Keith
3302,Toke Divinal
3303,Tokio
3304,Tokyo
3305,Tom Carfi e Livinho
3306,Tom E Dito
3307,Tom Jobim part. J.Gilberto-Astrud-Getz
3308,Tom Jobim part. Vinicios De Morais
3309,Tom Jones
3310,Tom Odell
3311,Tom Petty ft. The Heartbreakers
3312,Tom Tom Club
3313,Tomate
3314,Tommy James
3315,Ton Carfi
3316,Tones And I
3317,Toni Braxton
3318,Toni Braxton ft. Kenny G
3319,Toni Ferreira
3320,Toni Garrido
3321,Tonico E Tinoco
3322,Tony Bennet
3323,Tony Bennett
3324,Tony Dallara
3325,Tony Orlando
3326,Tony Orlando ft. Dawn
3327,Tony Platão
3328,Tony Tornado
3329,Toploader
3330,Toque No Altar
3331,Toquinho E Vinicius De Moraes
3332,Tori Amos
3333,Toto
3334,Tove Lo
3335,Tracy Chapman
3336,Tracy Lawrence
3337,Traditional
3338,Train
3339,"Traveling Wilburys, The"
3340,Travis
3341,Travis Tritt
3342,Trazendo A Arca
3343,Trem Da Alegria
3344,"Tremeloes, The"
3345,Tremendo
3346,Treyce
3347,Tribalistas
3348,Tribo De Jah
3349,Trini Lopez
3350,Trio Alto Astral
3351,Trio Bravana
3352,Trio Do Brasil
3353,Trio Esperança
3354,Trio Forrozão
3355,Trio Irakitan
3356,Trio Los Angeles
3357,Trio Parada Dura part. Ze Neto E Cristiano
3358,Trio R3
3359,Tristão Da Silva
3360,Tunai
3361,Turma Da Bregadeira
3362,Turma do Pagode part. Henrique e Diego
3363,Turma Do Pagode part. Kevinho
3364,Turma Do Pagode part. Mari Fernandez
3365,Turma do Pagode part. Sorriso Maroto
3366,Turtles (The)
3367,Twenty One Pilots
3368,Twisted Sister
3369,Twister
3370,U.S.A. For Africa
3371,U2
3372,U2 ft. Luciano Pavarotti
3373,Ub40
3374,Udora
3375,Ugly Kid Joe
3376,Ultraje A Rigor
3377,Ultravox
3378,Um Toque A Mais
3379,Um44K
3380,Unha Pintada
3381,Uns E Outros
3382,Urge Overkill
3383,Usher
3384,"Usher ft. Lil Jon, Ludacris"
3385,Valdecir Aguiar
3386,Valesca Mayssa
3387,Valesca Popozuda
3388,Van Halen
3389,Van Morrison
3390,Vander Lee
3391,Vanessa Carlton
3392,Vanessa Da Mata
3393,Vanessa Hudgens
3394,Vanessa Jackson
3395,Vanessa Rangel
3396,Vanessa Williams
3397,Vange Leonel
3398,Vanguart
3399,Vania Abreu
3400,Vanilda Bordieri
3401,Vanilda Bordieri part. Felipe Farkas
3402,Vanity Fare
3403,Vanusa
3404,Various
3405,Vava
3406,Vaya Con Dios
3407,Vedo
3408,Veigh
3409,Velvet Revolver
3410,Vengaboys
3411,Venus
3412,Vera Lucia
3413,Vern Gosdin
3414,Verve (The)
3415,Vicente Celestino
3416,Vicka
3417,Vicki Carr
3418,Victor E Leo
3419,Villa Baggage
3420,Villa Baggage part. Maiara E Maraisa
3421,Village People
3422,Vince Neil
3423,Vineyard
3424,Vingadora
3425,Vinicius Cantuaria
3426,Violetta 3
3427,Virgulóides
3428,Vitinho Imperador
3429,Vitor Fernandes
3430,Vitor Kley
3431,Vitão part. Anitta
3432,Vivi
3433,Vixe Mainha
3434,Vmz
3435,Vogues
3436,Voices
3437,Vovó Mafalda
3438,Voz Da Verdade
3439,Vulgo Fk
3440,Wagner Roberto
3441,Waguinho
3442,Waldick Soriano
3443,Waldirene
3444,Walkers (The)
3445,Walmir Wanderley
3446,Walter Franco
3447,Wanderley Andrade
3448,Wanderley Cardoso
3449,Wando
3450,Wanessa Camargo
3451,Wax
3452,Weezer
3453,Wem E Roberta Campos
3454,Wesley Safadão
3455,Wesley Safadão part. Alanzim Coreano
3456,Wesley Safadão part. Ana Castela
3457,Wesley Safadão part. Anitta
3458,Wesley Safadão part. Baroes Da Pisadinha
3459,Wesley Safadão part. Israel Novaes
3460,Wesley Safadão part. Leo Santana
3461,Wesley Safadão part. Marcia Fellipe
3462,Wesley Safadão part. Matheus E Kauan
3463,Wesley Safadão part. Mc Danny
3464,Wesley Safadão part. Ronaldinho Gaucho
3465,Wesley Safadão part. Ze Vaqueiro
3466,Wess E Dori Ghezzi
3467,Westlife
3468,Wet Wet Wet
3469,Whadi Gama
3470,Wham
3471,When In Rome
3472,Whigfield
3473,Whindersson Nunes
3474,"White Stripes, The"
3475,Whitesnake
3476,Whitney Houston
3477,Whitney Houston ft. Deborah Cox
3478,"Whitney Houston ft. Jackson, Jermaine"
3479,Whitney Houston ft. Teddy Pendergrass
3480,Who (The)
3481,Wighfield
3482,Wilhiam Silva
3483,Will I Am E Pia Mia
3484,Will Young
3485,William Nascimento
3486,Willie Nelson
3487,Willie Nelson ft. Ray Charles
3488,Wilma Bentivegna
3489,Wilson E Soraia
3490,Wilson Miranda
3491,Wilson Pickett
3492,Wilson Sideral
3493,Wilson Simonal
3494,Wilson Simoninha
3495,Wiu
3496,Wiz Khalifa - Charlie Puth
3497,Wizard Of Oz
3498,Wonders (The)
3499,Xamã
3500,Xand Avião
3501,Xand Avião part. Dilsinho
3502,Xand Avião part. Leo Santana
3503,Xand Avião part. Lucas Lucco E Dennis DJ
3504,Xand Avião part. Ze Vaqueiro
3505,Xanddy Harmonia part. Ivete Sangalo
3506,Xandreli
3507,Xcalypso
3508,Xuxa
3509,Yago E Juliano
3510,Yahoo
3511,Yasmin Santos
3512,Yasmin Santos part. Bruno E Marrone
3513,Yasmin Santos part. Gustavo Mioto
3514,Yasmin Santos part. Marilia Medonca
3515,Yasmin Santos part. Wesley Safadao
3516,Yazoo
3517,Yellowcard
3518,Yes
3519,Ylvis
3520,Young Rascals (The)
3521,Yudi
3522,Yvonne Elliman
3523,Zaa Charlie
3524,Zac Brown Band
3525,Zara Larsson
3526,Ze Cabra
3527,Ze Cantor
3528,Ze Neto E Cristiano
3529,Ze Paulo
3530,Ze Ricardo
3531,Ze Rodrix
3532,Ze Vaqueiro
3533,Ze Vaqueiro part. Dilsinho
3534,Zeca Baleiro
3535,Zeca Bota Bom part. Elson Vaqueiro
3536,Zeca Pagodinho part. Jorge Benjor
3537,Zeca Pagodinho part. Ze Neto E Cristiano
3538,Zedd ft. Grey and Maren Morris
3539,Zelia Duncan part. Simone
3540,Zeze Di Camargo E Luciano
3541,Zezé Di Camargo E Luciano
3542,Zezé Di Camargo E Luciano. part. Gusttavo Lima
3543,Zezé Di Camargo E Luciano. part. Victor E Leo
3544,Zezé Ricardo Camargo Luciano. part. E Juliano
3545,Ziggy Marley
3546,Zizi Possi
3547,Zucchero
3548,Zé Felipe
3549,Zé Felipe part. Ana Castela e Luan Pereira
3550,Zé Felipe part. DJ Ivis
3551,Zé Felipe part. Gusttavo Lima
3552,Zé Felipe part. Igow E Wesley Safadão
3553,Zé Felipe part. Marcynho Sensação
3554,Zé Felipe part. Mc Danny
3555,Zé Henrique E Gabriel
3556,Zé Marco E Adriano
3557,Zé Neto E Cristiano pt. Henrique E Juliano
3558,Zé Ramalho
3559,Zé Ricardo E Thiago
3560,É Demais
3561,É O Tchan
